checkpoint,condition,train_seed,comm_enabled,eval_seed,eval_policy,ablation,history_intervention,sender_remap,cross_play,scope,key,n_rounds,coop_rate,avg_reward,p_all_cooperate,avg_welfare,p_coop_given_m0,p_coop_given_m1,checkpoint_episode,suite_kind,observability_mode,public_signal_sigma
<SOURCE_ZEROAUX_REPO>/iwr-results/dsc-epgg-vectorized-zeroaux-plan/phase3-vecstraight-zeroaux-comm-reduced-20260415/phase3-vecstraight-zeroaux-comm-reduced-20260415/outputs/train/phase3_vecstraight_comm_history_factorial_with_comm_reduced_history_zeroaux_15seeds_iwr_20260415/train/cond1_seed101.pt,cond1,101,1,9001,greedy,none,none,none,none,regime,competitive,5288,0.0,4.0,0.0,16.0,,,150000,comm,private,
<SOURCE_ZEROAUX_REPO>/iwr-results/dsc-epgg-vectorized-zeroaux-plan/phase3-vecstraight-zeroaux-comm-reduced-20260415/phase3-vecstraight-zeroaux-comm-reduced-20260415/outputs/train/phase3_vecstraight_comm_history_factorial_with_comm_reduced_history_zeroaux_15seeds_iwr_20260415/train/cond1_seed101.pt,cond1,101,1,9001,greedy,none,none,none,none,regime,cooperative,5917,0.6168666553996958,13.869866486395132,0.17407470001690045,55.47946594558053,,,150000,comm,private,
<SOURCE_ZEROAUX_REPO>/iwr-results/dsc-epgg-vectorized-zeroaux-plan/phase3-vecstraight-zeroaux-comm-reduced-20260415/phase3-vecstraight-zeroaux-comm-reduced-20260415/outputs/train/phase3_vecstraight_comm_history_factorial_with_comm_reduced_history_zeroaux_15seeds_iwr_20260415/train/cond1_seed101.pt,cond1,101,1,9001,greedy,none,none,none,none,regime,mixed,18795,0.003232242617717478,4.032322426177175,0.0,16.1292897047087,,,150000,comm,private,
<SOURCE_ZEROAUX_REPO>/iwr-results/dsc-epgg-vectorized-zeroaux-plan/phase3-vecstraight-zeroaux-comm-reduced-20260415/phase3-vecstraight-zeroaux-comm-reduced-20260415/outputs/train/phase3_vecstraight_comm_history_factorial_with_comm_reduced_history_zeroaux_15seeds_iwr_20260415/train/cond1_seed101.pt,cond1,101,1,9001,greedy,none,none,none,none,f_value,0.500,5288,0.0,4.0,0.0,16.0,0.0,0.0,150000,comm,private,
<SOURCE_ZEROAUX_REPO>/iwr-results/dsc-epgg-vectorized-zeroaux-plan/phase3-vecstraight-zeroaux-comm-reduced-20260415/phase3-vecstraight-zeroaux-comm-reduced-20260415/outputs/train/phase3_vecstraight_comm_history_factorial_with_comm_reduced_history_zeroaux_15seeds_iwr_20260415/train/cond1_seed101.pt,cond1,101,1,9001,greedy,none,none,none,none,f_value,1.500,5824,0.0,4.0,0.0,16.0,0.0,0.0,150000,comm,private,
<SOURCE_ZEROAUX_REPO>/iwr-results/dsc-epgg-vectorized-zeroaux-plan/phase3-vecstraight-zeroaux-comm-reduced-20260415/phase3-vecstraight-zeroaux-comm-reduced-20260415/outputs/train/phase3_vecstraight_comm_history_factorial_with_comm_reduced_history_zeroaux_15seeds_iwr_20260415/train/cond1_seed101.pt,cond1,101,1,9001,greedy,none,none,none,none,f_value,2.500,6298,0.0,4.0,0.0,16.0,0.0,0.0,150000,comm,private,
<SOURCE_ZEROAUX_REPO>/iwr-results/dsc-epgg-vectorized-zeroaux-plan/phase3-vecstraight-zeroaux-comm-reduced-20260415/phase3-vecstraight-zeroaux-comm-reduced-20260415/outputs/train/phase3_vecstraight_comm_history_factorial_with_comm_reduced_history_zeroaux_15seeds_iwr_20260415/train/cond1_seed101.pt,cond1,101,1,9001,greedy,none,none,none,none,f_value,3.500,6673,0.009103851341225835,4.091038513412259,0.0,16.364154053649035,0.009003065699095814,0.011332254071040854,150000,comm,private,
<SOURCE_ZEROAUX_REPO>/iwr-results/dsc-epgg-vectorized-zeroaux-plan/phase3-vecstraight-zeroaux-comm-reduced-20260415/phase3-vecstraight-zeroaux-comm-reduced-20260415/outputs/train/phase3_vecstraight_comm_history_factorial_with_comm_reduced_history_zeroaux_15seeds_iwr_20260415/train/cond1_seed101.pt,cond1,101,1,9001,greedy,none,none,none,none,f_value,5.000,5917,0.6168666553996958,13.869866486395132,0.17407470001690045,55.47946594558053,0.6118551801607189,0.7096857157553623,150000,comm,private,
<SOURCE_ZEROAUX_REPO>/iwr-results/dsc-epgg-vectorized-zeroaux-plan/phase3-vecstraight-zeroaux-comm-reduced-20260415/phase3-vecstraight-zeroaux-comm-reduced-20260415/outputs/train/phase3_vecstraight_comm_history_factorial_with_comm_reduced_history_zeroaux_15seeds_iwr_20260415/train/cond1_seed1111.pt,cond1,1111,1,9001,greedy,none,none,none,none,regime,competitive,5288,0.0,4.0,0.0,16.0,,,150000,comm,private,
<SOURCE_ZEROAUX_REPO>/iwr-results/dsc-epgg-vectorized-zeroaux-plan/phase3-vecstraight-zeroaux-comm-reduced-20260415/phase3-vecstraight-zeroaux-comm-reduced-20260415/outputs/train/phase3_vecstraight_comm_history_factorial_with_comm_reduced_history_zeroaux_15seeds_iwr_20260415/train/cond1_seed1111.pt,cond1,1111,1,9001,greedy,none,none,none,none,regime,cooperative,5917,0.8407977015379415,17.452763224607065,0.5497718438397837,69.81105289842826,,,150000,comm,private,
<SOURCE_ZEROAUX_REPO>/iwr-results/dsc-epgg-vectorized-zeroaux-plan/phase3-vecstraight-zeroaux-comm-reduced-20260415/phase3-vecstraight-zeroaux-comm-reduced-20260415/outputs/train/phase3_vecstraight_comm_history_factorial_with_comm_reduced_history_zeroaux_15seeds_iwr_20260415/train/cond1_seed1111.pt,cond1,1111,1,9001,greedy,none,none,none,none,regime,mixed,18795,0.03652567172120245,4.362596435222134,0.0,17.450385740888535,,,150000,comm,private,
<SOURCE_ZEROAUX_REPO>/iwr-results/dsc-epgg-vectorized-zeroaux-plan/phase3-vecstraight-zeroaux-comm-reduced-20260415/phase3-vecstraight-zeroaux-comm-reduced-20260415/outputs/train/phase3_vecstraight_comm_history_factorial_with_comm_reduced_history_zeroaux_15seeds_iwr_20260415/train/cond1_seed1111.pt,cond1,1111,1,9001,greedy,none,none,none,none,f_value,0.500,5288,0.0,4.0,0.0,16.0,0.0,0.0,150000,comm,private,
<SOURCE_ZEROAUX_REPO>/iwr-results/dsc-epgg-vectorized-zeroaux-plan/phase3-vecstraight-zeroaux-comm-reduced-20260415/phase3-vecstraight-zeroaux-comm-reduced-20260415/outputs/train/phase3_vecstraight_comm_history_factorial_with_comm_reduced_history_zeroaux_15seeds_iwr_20260415/train/cond1_seed1111.pt,cond1,1111,1,9001,greedy,none,none,none,none,f_value,1.500,5824,0.0,4.0,0.0,16.0,0.0,0.0,150000,comm,private,
<SOURCE_ZEROAUX_REPO>/iwr-results/dsc-epgg-vectorized-zeroaux-plan/phase3-vecstraight-zeroaux-comm-reduced-20260415/phase3-vecstraight-zeroaux-comm-reduced-20260415/outputs/train/phase3_vecstraight_comm_history_factorial_with_comm_reduced_history_zeroaux_15seeds_iwr_20260415/train/cond1_seed1111.pt,cond1,1111,1,9001,greedy,none,none,none,none,f_value,2.500,6298,0.001984757065735154,4.011908542394411,0.0,16.047634169577645,0.0019865707815169453,0.0011444266422522317,150000,comm,private,
<SOURCE_ZEROAUX_REPO>/iwr-results/dsc-epgg-vectorized-zeroaux-plan/phase3-vecstraight-zeroaux-comm-reduced-20260415/phase3-vecstraight-zeroaux-comm-reduced-20260415/outputs/train/phase3_vecstraight_comm_history_factorial_with_comm_reduced_history_zeroaux_15seeds_iwr_20260415/train/cond1_seed1111.pt,cond1,1111,1,9001,greedy,none,none,none,none,f_value,3.500,6673,0.10100404615615166,5.010040461561516,0.0,20.040161846246065,0.10233883878021163,0.09561592929242203,150000,comm,private,
<SOURCE_ZEROAUX_REPO>/iwr-results/dsc-epgg-vectorized-zeroaux-plan/phase3-vecstraight-zeroaux-comm-reduced-20260415/phase3-vecstraight-zeroaux-comm-reduced-20260415/outputs/train/phase3_vecstraight_comm_history_factorial_with_comm_reduced_history_zeroaux_15seeds_iwr_20260415/train/cond1_seed1111.pt,cond1,1111,1,9001,greedy,none,none,none,none,f_value,5.000,5917,0.8407977015379415,17.452763224607065,0.5497718438397837,69.81105289842826,0.8560521498414966,0.8227224762574745,150000,comm,private,
<SOURCE_ZEROAUX_REPO>/iwr-results/dsc-epgg-vectorized-zeroaux-plan/phase3-vecstraight-zeroaux-comm-reduced-20260415/phase3-vecstraight-zeroaux-comm-reduced-20260415/outputs/train/phase3_vecstraight_comm_history_factorial_with_comm_reduced_history_zeroaux_15seeds_iwr_20260415/train/cond1_seed1212.pt,cond1,1212,1,9001,greedy,none,none,none,none,regime,competitive,5288,0.0,4.0,0.0,16.0,,,150000,comm,private,
<SOURCE_ZEROAUX_REPO>/iwr-results/dsc-epgg-vectorized-zeroaux-plan/phase3-vecstraight-zeroaux-comm-reduced-20260415/phase3-vecstraight-zeroaux-comm-reduced-20260415/outputs/train/phase3_vecstraight_comm_history_factorial_with_comm_reduced_history_zeroaux_15seeds_iwr_20260415/train/cond1_seed1212.pt,cond1,1212,1,9001,greedy,none,none,none,none,regime,cooperative,5917,0.6622443805982762,14.595910089572419,0.10900794321446679,58.383640358289675,,,150000,comm,private,
<SOURCE_ZEROAUX_REPO>/iwr-results/dsc-epgg-vectorized-zeroaux-plan/phase3-vecstraight-zeroaux-comm-reduced-20260415/phase3-vecstraight-zeroaux-comm-reduced-20260415/outputs/train/phase3_vecstraight_comm_history_factorial_with_comm_reduced_history_zeroaux_15seeds_iwr_20260415/train/cond1_seed1212.pt,cond1,1212,1,9001,greedy,none,none,none,none,regime,mixed,18795,0.051050811386006915,4.505772811918063,0.0,18.02309124767225,,,150000,comm,private,
<SOURCE_ZEROAUX_REPO>/iwr-results/dsc-epgg-vectorized-zeroaux-plan/phase3-vecstraight-zeroaux-comm-reduced-20260415/phase3-vecstraight-zeroaux-comm-reduced-20260415/outputs/train/phase3_vecstraight_comm_history_factorial_with_comm_reduced_history_zeroaux_15seeds_iwr_20260415/train/cond1_seed1212.pt,cond1,1212,1,9001,greedy,none,none,none,none,f_value,0.500,5288,0.0,4.0,0.0,16.0,0.0,0.0,150000,comm,private,
<SOURCE_ZEROAUX_REPO>/iwr-results/dsc-epgg-vectorized-zeroaux-plan/phase3-vecstraight-zeroaux-comm-reduced-20260415/phase3-vecstraight-zeroaux-comm-reduced-20260415/outputs/train/phase3_vecstraight_comm_history_factorial_with_comm_reduced_history_zeroaux_15seeds_iwr_20260415/train/cond1_seed1212.pt,cond1,1212,1,9001,greedy,none,none,none,none,f_value,1.500,5824,0.0,4.0,0.0,16.0,0.0,0.0,150000,comm,private,
<SOURCE_ZEROAUX_REPO>/iwr-results/dsc-epgg-vectorized-zeroaux-plan/phase3-vecstraight-zeroaux-comm-reduced-20260415/phase3-vecstraight-zeroaux-comm-reduced-20260415/outputs/train/phase3_vecstraight_comm_history_factorial_with_comm_reduced_history_zeroaux_15seeds_iwr_20260415/train/cond1_seed1212.pt,cond1,1212,1,9001,greedy,none,none,none,none,f_value,2.500,6298,0.003532867577008574,4.021197205462052,0.0,16.084788821848207,0.0037788722826086955,0.0010735603555631897,150000,comm,private,
<SOURCE_ZEROAUX_REPO>/iwr-results/dsc-epgg-vectorized-zeroaux-plan/phase3-vecstraight-zeroaux-comm-reduced-20260415/phase3-vecstraight-zeroaux-comm-reduced-20260415/outputs/train/phase3_vecstraight_comm_history_factorial_with_comm_reduced_history_zeroaux_15seeds_iwr_20260415/train/cond1_seed1212.pt,cond1,1212,1,9001,greedy,none,none,none,none,f_value,3.500,6673,0.14045406863479695,5.4045406863479695,0.0,21.618162745391878,0.14368455371869127,0.0797182855167646,150000,comm,private,
<SOURCE_ZEROAUX_REPO>/iwr-results/dsc-epgg-vectorized-zeroaux-plan/phase3-vecstraight-zeroaux-comm-reduced-20260415/phase3-vecstraight-zeroaux-comm-reduced-20260415/outputs/train/phase3_vecstraight_comm_history_factorial_with_comm_reduced_history_zeroaux_15seeds_iwr_20260415/train/cond1_seed1212.pt,cond1,1212,1,9001,greedy,none,none,none,none,f_value,5.000,5917,0.6622443805982762,14.595910089572419,0.10900794321446679,58.383640358289675,0.6671455313221017,0.631129949565404,150000,comm,private,
<SOURCE_ZEROAUX_REPO>/iwr-results/dsc-epgg-vectorized-zeroaux-plan/phase3-vecstraight-zeroaux-comm-reduced-20260415/phase3-vecstraight-zeroaux-comm-reduced-20260415/outputs/train/phase3_vecstraight_comm_history_factorial_with_comm_reduced_history_zeroaux_15seeds_iwr_20260415/train/cond1_seed1313.pt,cond1,1313,1,9001,greedy,none,none,none,none,regime,competitive,5288,0.0,4.0,0.0,16.0,,,150000,comm,private,
<SOURCE_ZEROAUX_REPO>/iwr-results/dsc-epgg-vectorized-zeroaux-plan/phase3-vecstraight-zeroaux-comm-reduced-20260415/phase3-vecstraight-zeroaux-comm-reduced-20260415/outputs/train/phase3_vecstraight_comm_history_factorial_with_comm_reduced_history_zeroaux_15seeds_iwr_20260415/train/cond1_seed1313.pt,cond1,1313,1,9001,greedy,none,none,none,none,regime,cooperative,5917,0.7669004563123204,16.270407300997128,0.37755619401723844,65.08162920398851,,,150000,comm,private,
<SOURCE_ZEROAUX_REPO>/iwr-results/dsc-epgg-vectorized-zeroaux-plan/phase3-vecstraight-zeroaux-comm-reduced-20260415/phase3-vecstraight-zeroaux-comm-reduced-20260415/outputs/train/phase3_vecstraight_comm_history_factorial_with_comm_reduced_history_zeroaux_15seeds_iwr_20260415/train/cond1_seed1313.pt,cond1,1313,1,9001,greedy,none,none,none,none,regime,mixed,18795,0.019100824687416865,4.190848629954775,0.0,16.7633945198191,,,150000,comm,private,
<SOURCE_ZEROAUX_REPO>/iwr-results/dsc-epgg-vectorized-zeroaux-plan/phase3-vecstraight-zeroaux-comm-reduced-20260415/phase3-vecstraight-zeroaux-comm-reduced-20260415/outputs/train/phase3_vecstraight_comm_history_factorial_with_comm_reduced_history_zeroaux_15seeds_iwr_20260415/train/cond1_seed1313.pt,cond1,1313,1,9001,greedy,none,none,none,none,f_value,0.500,5288,0.0,4.0,0.0,16.0,0.0,0.0,150000,comm,private,
<SOURCE_ZEROAUX_REPO>/iwr-results/dsc-epgg-vectorized-zeroaux-plan/phase3-vecstraight-zeroaux-comm-reduced-20260415/phase3-vecstraight-zeroaux-comm-reduced-20260415/outputs/train/phase3_vecstraight_comm_history_factorial_with_comm_reduced_history_zeroaux_15seeds_iwr_20260415/train/cond1_seed1313.pt,cond1,1313,1,9001,greedy,none,none,none,none,f_value,1.500,5824,0.0,4.0,0.0,16.0,0.0,0.0,150000,comm,private,
<SOURCE_ZEROAUX_REPO>/iwr-results/dsc-epgg-vectorized-zeroaux-plan/phase3-vecstraight-zeroaux-comm-reduced-20260415/phase3-vecstraight-zeroaux-comm-reduced-20260415/outputs/train/phase3_vecstraight_comm_history_factorial_with_comm_reduced_history_zeroaux_15seeds_iwr_20260415/train/cond1_seed1313.pt,cond1,1313,1,9001,greedy,none,none,none,none,f_value,2.500,6298,0.00011908542394410924,4.000714512543665,0.0,16.00285805017466,0.0001278772378516624,0.00012010569300984866,150000,comm,private,
<SOURCE_ZEROAUX_REPO>/iwr-results/dsc-epgg-vectorized-zeroaux-plan/phase3-vecstraight-zeroaux-comm-reduced-20260415/phase3-vecstraight-zeroaux-comm-reduced-20260415/outputs/train/phase3_vecstraight_comm_history_factorial_with_comm_reduced_history_zeroaux_15seeds_iwr_20260415/train/cond1_seed1313.pt,cond1,1313,1,9001,greedy,none,none,none,none,f_value,3.500,6673,0.05368649782706429,4.536864978270643,0.0,18.14745991308257,0.0616441535533584,0.05271029548486196,150000,comm,private,
<SOURCE_ZEROAUX_REPO>/iwr-results/dsc-epgg-vectorized-zeroaux-plan/phase3-vecstraight-zeroaux-comm-reduced-20260415/phase3-vecstraight-zeroaux-comm-reduced-20260415/outputs/train/phase3_vecstraight_comm_history_factorial_with_comm_reduced_history_zeroaux_15seeds_iwr_20260415/train/cond1_seed1313.pt,cond1,1313,1,9001,greedy,none,none,none,none,f_value,5.000,5917,0.7669004563123204,16.270407300997128,0.37755619401723844,65.08162920398851,0.8221779392802719,0.7662442249819862,150000,comm,private,
<SOURCE_ZEROAUX_REPO>/iwr-results/dsc-epgg-vectorized-zeroaux-plan/phase3-vecstraight-zeroaux-comm-reduced-20260415/phase3-vecstraight-zeroaux-comm-reduced-20260415/outputs/train/phase3_vecstraight_comm_history_factorial_with_comm_reduced_history_zeroaux_15seeds_iwr_20260415/train/cond1_seed1414.pt,cond1,1414,1,9001,greedy,none,none,none,none,regime,competitive,5288,0.0,4.0,0.0,16.0,,,150000,comm,private,
<SOURCE_ZEROAUX_REPO>/iwr-results/dsc-epgg-vectorized-zeroaux-plan/phase3-vecstraight-zeroaux-comm-reduced-20260415/phase3-vecstraight-zeroaux-comm-reduced-20260415/outputs/train/phase3_vecstraight_comm_history_factorial_with_comm_reduced_history_zeroaux_15seeds_iwr_20260415/train/cond1_seed1414.pt,cond1,1414,1,9001,greedy,none,none,none,none,regime,cooperative,5917,0.812447186074024,16.999154977184386,0.42437045800236606,67.99661990873754,,,150000,comm,private,
<SOURCE_ZEROAUX_REPO>/iwr-results/dsc-epgg-vectorized-zeroaux-plan/phase3-vecstraight-zeroaux-comm-reduced-20260415/phase3-vecstraight-zeroaux-comm-reduced-20260415/outputs/train/phase3_vecstraight_comm_history_factorial_with_comm_reduced_history_zeroaux_15seeds_iwr_20260415/train/cond1_seed1414.pt,cond1,1414,1,9001,greedy,none,none,none,none,regime,mixed,18795,0.04537110933758978,4.44706038840117,0.0,17.78824155360468,,,150000,comm,private,
<SOURCE_ZEROAUX_REPO>/iwr-results/dsc-epgg-vectorized-zeroaux-plan/phase3-vecstraight-zeroaux-comm-reduced-20260415/phase3-vecstraight-zeroaux-comm-reduced-20260415/outputs/train/phase3_vecstraight_comm_history_factorial_with_comm_reduced_history_zeroaux_15seeds_iwr_20260415/train/cond1_seed1414.pt,cond1,1414,1,9001,greedy,none,none,none,none,f_value,0.500,5288,0.0,4.0,0.0,16.0,0.0,0.0,150000,comm,private,
<SOURCE_ZEROAUX_REPO>/iwr-results/dsc-epgg-vectorized-zeroaux-plan/phase3-vecstraight-zeroaux-comm-reduced-20260415/phase3-vecstraight-zeroaux-comm-reduced-20260415/outputs/train/phase3_vecstraight_comm_history_factorial_with_comm_reduced_history_zeroaux_15seeds_iwr_20260415/train/cond1_seed1414.pt,cond1,1414,1,9001,greedy,none,none,none,none,f_value,1.500,5824,0.0,4.0,0.0,16.0,0.0,0.0,150000,comm,private,
<SOURCE_ZEROAUX_REPO>/iwr-results/dsc-epgg-vectorized-zeroaux-plan/phase3-vecstraight-zeroaux-comm-reduced-20260415/phase3-vecstraight-zeroaux-comm-reduced-20260415/outputs/train/phase3_vecstraight_comm_history_factorial_with_comm_reduced_history_zeroaux_15seeds_iwr_20260415/train/cond1_seed1414.pt,cond1,1414,1,9001,greedy,none,none,none,none,f_value,2.500,6298,0.004961892664337885,4.0297713559860275,0.0,16.11908542394411,0.005551510738987987,0.004998000799680128,150000,comm,private,
<SOURCE_ZEROAUX_REPO>/iwr-results/dsc-epgg-vectorized-zeroaux-plan/phase3-vecstraight-zeroaux-comm-reduced-20260415/phase3-vecstraight-zeroaux-comm-reduced-20260415/outputs/train/phase3_vecstraight_comm_history_factorial_with_comm_reduced_history_zeroaux_15seeds_iwr_20260415/train/cond1_seed1414.pt,cond1,1414,1,9001,greedy,none,none,none,none,f_value,3.500,6673,0.12310804735501274,5.2310804735501275,0.0,20.92432189420051,0.12156391226833617,0.12292158968850699,150000,comm,private,
<SOURCE_ZEROAUX_REPO>/iwr-results/dsc-epgg-vectorized-zeroaux-plan/phase3-vecstraight-zeroaux-comm-reduced-20260415/phase3-vecstraight-zeroaux-comm-reduced-20260415/outputs/train/phase3_vecstraight_comm_history_factorial_with_comm_reduced_history_zeroaux_15seeds_iwr_20260415/train/cond1_seed1414.pt,cond1,1414,1,9001,greedy,none,none,none,none,f_value,5.000,5917,0.812447186074024,16.999154977184386,0.42437045800236606,67.99661990873754,0.8439415610952187,0.8137939958592133,150000,comm,private,
<SOURCE_ZEROAUX_REPO>/iwr-results/dsc-epgg-vectorized-zeroaux-plan/phase3-vecstraight-zeroaux-comm-reduced-20260415/phase3-vecstraight-zeroaux-comm-reduced-20260415/outputs/train/phase3_vecstraight_comm_history_factorial_with_comm_reduced_history_zeroaux_15seeds_iwr_20260415/train/cond1_seed1515.pt,cond1,1515,1,9001,greedy,none,none,none,none,regime,competitive,5288,0.0,4.0,0.0,16.0,,,150000,comm,private,
<SOURCE_ZEROAUX_REPO>/iwr-results/dsc-epgg-vectorized-zeroaux-plan/phase3-vecstraight-zeroaux-comm-reduced-20260415/phase3-vecstraight-zeroaux-comm-reduced-20260415/outputs/train/phase3_vecstraight_comm_history_factorial_with_comm_reduced_history_zeroaux_15seeds_iwr_20260415/train/cond1_seed1515.pt,cond1,1515,1,9001,greedy,none,none,none,none,regime,cooperative,5917,0.7512675342234241,16.020280547574785,0.3557546053743451,64.08112219029914,,,150000,comm,private,
<SOURCE_ZEROAUX_REPO>/iwr-results/dsc-epgg-vectorized-zeroaux-plan/phase3-vecstraight-zeroaux-comm-reduced-20260415/phase3-vecstraight-zeroaux-comm-reduced-20260415/outputs/train/phase3_vecstraight_comm_history_factorial_with_comm_reduced_history_zeroaux_15seeds_iwr_20260415/train/cond1_seed1515.pt,cond1,1515,1,9001,greedy,none,none,none,none,regime,mixed,18795,0.02279861665336526,4.221814312317106,0.0,16.887257249268423,,,150000,comm,private,
<SOURCE_ZEROAUX_REPO>/iwr-results/dsc-epgg-vectorized-zeroaux-plan/phase3-vecstraight-zeroaux-comm-reduced-20260415/phase3-vecstraight-zeroaux-comm-reduced-20260415/outputs/train/phase3_vecstraight_comm_history_factorial_with_comm_reduced_history_zeroaux_15seeds_iwr_20260415/train/cond1_seed1515.pt,cond1,1515,1,9001,greedy,none,none,none,none,f_value,0.500,5288,0.0,4.0,0.0,16.0,0.0,0.0,150000,comm,private,
<SOURCE_ZEROAUX_REPO>/iwr-results/dsc-epgg-vectorized-zeroaux-plan/phase3-vecstraight-zeroaux-comm-reduced-20260415/phase3-vecstraight-zeroaux-comm-reduced-20260415/outputs/train/phase3_vecstraight_comm_history_factorial_with_comm_reduced_history_zeroaux_15seeds_iwr_20260415/train/cond1_seed1515.pt,cond1,1515,1,9001,greedy,none,none,none,none,f_value,1.500,5824,8.585164835164836e-05,4.0001717032967035,0.0,16.000686813186814,8.768468586961288e-05,8.587007857112189e-05,150000,comm,private,
<SOURCE_ZEROAUX_REPO>/iwr-results/dsc-epgg-vectorized-zeroaux-plan/phase3-vecstraight-zeroaux-comm-reduced-20260415/phase3-vecstraight-zeroaux-comm-reduced-20260415/outputs/train/phase3_vecstraight_comm_history_factorial_with_comm_reduced_history_zeroaux_15seeds_iwr_20260415/train/cond1_seed1515.pt,cond1,1515,1,9001,greedy,none,none,none,none,f_value,2.500,6298,0.004445855827246745,4.02667513496348,0.0,16.10670053985392,0.0038439635535307518,0.004562118126272913,150000,comm,private,
<SOURCE_ZEROAUX_REPO>/iwr-results/dsc-epgg-vectorized-zeroaux-plan/phase3-vecstraight-zeroaux-comm-reduced-20260415/phase3-vecstraight-zeroaux-comm-reduced-20260415/outputs/train/phase3_vecstraight_comm_history_factorial_with_comm_reduced_history_zeroaux_15seeds_iwr_20260415/train/cond1_seed1515.pt,cond1,1515,1,9001,greedy,none,none,none,none,f_value,3.500,6673,0.05994305409860633,4.599430540986063,0.0,18.397722163944252,0.04989012777732563,0.07268170426065163,150000,comm,private,
<SOURCE_ZEROAUX_REPO>/iwr-results/dsc-epgg-vectorized-zeroaux-plan/phase3-vecstraight-zeroaux-comm-reduced-20260415/phase3-vecstraight-zeroaux-comm-reduced-20260415/outputs/train/phase3_vecstraight_comm_history_factorial_with_comm_reduced_history_zeroaux_15seeds_iwr_20260415/train/cond1_seed1515.pt,cond1,1515,1,9001,greedy,none,none,none,none,f_value,5.000,5917,0.7512675342234241,16.020280547574785,0.3557546053743451,64.08112219029914,0.7363476218438051,0.7560372045396365,150000,comm,private,
<SOURCE_ZEROAUX_REPO>/iwr-results/dsc-epgg-vectorized-zeroaux-plan/phase3-vecstraight-zeroaux-comm-reduced-20260415/phase3-vecstraight-zeroaux-comm-reduced-20260415/outputs/train/phase3_vecstraight_comm_history_factorial_with_comm_reduced_history_zeroaux_15seeds_iwr_20260415/train/cond1_seed1616.pt,cond1,1616,1,9001,greedy,none,none,none,none,regime,competitive,5288,0.0,4.0,0.0,16.0,,,150000,comm,private,
<SOURCE_ZEROAUX_REPO>/iwr-results/dsc-epgg-vectorized-zeroaux-plan/phase3-vecstraight-zeroaux-comm-reduced-20260415/phase3-vecstraight-zeroaux-comm-reduced-20260415/outputs/train/phase3_vecstraight_comm_history_factorial_with_comm_reduced_history_zeroaux_15seeds_iwr_20260415/train/cond1_seed1616.pt,cond1,1616,1,9001,greedy,none,none,none,none,regime,cooperative,5917,0.702636471184722,15.242183538955551,0.3202636471184722,60.968734155822204,,,150000,comm,private,
<SOURCE_ZEROAUX_REPO>/iwr-results/dsc-epgg-vectorized-zeroaux-plan/phase3-vecstraight-zeroaux-comm-reduced-20260415/phase3-vecstraight-zeroaux-comm-reduced-20260415/outputs/train/phase3_vecstraight_comm_history_factorial_with_comm_reduced_history_zeroaux_15seeds_iwr_20260415/train/cond1_seed1616.pt,cond1,1616,1,9001,greedy,none,none,none,none,regime,mixed,18795,0.020790103750997605,4.206730513434424,0.0,16.826922053737697,,,150000,comm,private,
<SOURCE_ZEROAUX_REPO>/iwr-results/dsc-epgg-vectorized-zeroaux-plan/phase3-vecstraight-zeroaux-comm-reduced-20260415/phase3-vecstraight-zeroaux-comm-reduced-20260415/outputs/train/phase3_vecstraight_comm_history_factorial_with_comm_reduced_history_zeroaux_15seeds_iwr_20260415/train/cond1_seed1616.pt,cond1,1616,1,9001,greedy,none,none,none,none,f_value,0.500,5288,0.0,4.0,0.0,16.0,0.0,0.0,150000,comm,private,
<SOURCE_ZEROAUX_REPO>/iwr-results/dsc-epgg-vectorized-zeroaux-plan/phase3-vecstraight-zeroaux-comm-reduced-20260415/phase3-vecstraight-zeroaux-comm-reduced-20260415/outputs/train/phase3_vecstraight_comm_history_factorial_with_comm_reduced_history_zeroaux_15seeds_iwr_20260415/train/cond1_seed1616.pt,cond1,1616,1,9001,greedy,none,none,none,none,f_value,1.500,5824,0.0,4.0,0.0,16.0,0.0,0.0,150000,comm,private,
<SOURCE_ZEROAUX_REPO>/iwr-results/dsc-epgg-vectorized-zeroaux-plan/phase3-vecstraight-zeroaux-comm-reduced-20260415/phase3-vecstraight-zeroaux-comm-reduced-20260415/outputs/train/phase3_vecstraight_comm_history_factorial_with_comm_reduced_history_zeroaux_15seeds_iwr_20260415/train/cond1_seed1616.pt,cond1,1616,1,9001,greedy,none,none,none,none,f_value,2.500,6298,0.0008732931089234677,4.00523975865354,0.0,16.02095903461416,0.0008723599632690542,0.0008742648227626768,150000,comm,private,
<SOURCE_ZEROAUX_REPO>/iwr-results/dsc-epgg-vectorized-zeroaux-plan/phase3-vecstraight-zeroaux-comm-reduced-20260415/phase3-vecstraight-zeroaux-comm-reduced-20260415/outputs/train/phase3_vecstraight_comm_history_factorial_with_comm_reduced_history_zeroaux_15seeds_iwr_20260415/train/cond1_seed1616.pt,cond1,1616,1,9001,greedy,none,none,none,none,f_value,3.500,6673,0.05773265397872022,4.577326539787202,0.0,18.309306159148807,0.05875272003333488,0.05862204724409449,150000,comm,private,
<SOURCE_ZEROAUX_REPO>/iwr-results/dsc-epgg-vectorized-zeroaux-plan/phase3-vecstraight-zeroaux-comm-reduced-20260415/phase3-vecstraight-zeroaux-comm-reduced-20260415/outputs/train/phase3_vecstraight_comm_history_factorial_with_comm_reduced_history_zeroaux_15seeds_iwr_20260415/train/cond1_seed1616.pt,cond1,1616,1,9001,greedy,none,none,none,none,f_value,5.000,5917,0.702636471184722,15.242183538955551,0.3202636471184722,60.968734155822204,0.7254359953761874,0.7064026402640264,150000,comm,private,
<SOURCE_ZEROAUX_REPO>/iwr-results/dsc-epgg-vectorized-zeroaux-plan/phase3-vecstraight-zeroaux-comm-reduced-20260415/phase3-vecstraight-zeroaux-comm-reduced-20260415/outputs/train/phase3_vecstraight_comm_history_factorial_with_comm_reduced_history_zeroaux_15seeds_iwr_20260415/train/cond1_seed202.pt,cond1,202,1,9001,greedy,none,none,none,none,regime,competitive,5288,0.0,4.0,0.0,16.0,,,150000,comm,private,
<SOURCE_ZEROAUX_REPO>/iwr-results/dsc-epgg-vectorized-zeroaux-plan/phase3-vecstraight-zeroaux-comm-reduced-20260415/phase3-vecstraight-zeroaux-comm-reduced-20260415/outputs/train/phase3_vecstraight_comm_history_factorial_with_comm_reduced_history_zeroaux_15seeds_iwr_20260415/train/cond1_seed202.pt,cond1,202,1,9001,greedy,none,none,none,none,regime,cooperative,5917,0.8317137062700692,17.307419300321108,0.5056616528646274,69.22967720128443,,,150000,comm,private,
<SOURCE_ZEROAUX_REPO>/iwr-results/dsc-epgg-vectorized-zeroaux-plan/phase3-vecstraight-zeroaux-comm-reduced-20260415/phase3-vecstraight-zeroaux-comm-reduced-20260415/outputs/train/phase3_vecstraight_comm_history_factorial_with_comm_reduced_history_zeroaux_15seeds_iwr_20260415/train/cond1_seed202.pt,cond1,202,1,9001,greedy,none,none,none,none,regime,mixed,18795,0.007196062782654961,4.07196062782655,0.0,16.2878425113062,,,150000,comm,private,
<SOURCE_ZEROAUX_REPO>/iwr-results/dsc-epgg-vectorized-zeroaux-plan/phase3-vecstraight-zeroaux-comm-reduced-20260415/phase3-vecstraight-zeroaux-comm-reduced-20260415/outputs/train/phase3_vecstraight_comm_history_factorial_with_comm_reduced_history_zeroaux_15seeds_iwr_20260415/train/cond1_seed202.pt,cond1,202,1,9001,greedy,none,none,none,none,f_value,0.500,5288,0.0,4.0,0.0,16.0,0.0,0.0,150000,comm,private,
<SOURCE_ZEROAUX_REPO>/iwr-results/dsc-epgg-vectorized-zeroaux-plan/phase3-vecstraight-zeroaux-comm-reduced-20260415/phase3-vecstraight-zeroaux-comm-reduced-20260415/outputs/train/phase3_vecstraight_comm_history_factorial_with_comm_reduced_history_zeroaux_15seeds_iwr_20260415/train/cond1_seed202.pt,cond1,202,1,9001,greedy,none,none,none,none,f_value,1.500,5824,0.0,4.0,0.0,16.0,0.0,0.0,150000,comm,private,
<SOURCE_ZEROAUX_REPO>/iwr-results/dsc-epgg-vectorized-zeroaux-plan/phase3-vecstraight-zeroaux-comm-reduced-20260415/phase3-vecstraight-zeroaux-comm-reduced-20260415/outputs/train/phase3_vecstraight_comm_history_factorial_with_comm_reduced_history_zeroaux_15seeds_iwr_20260415/train/cond1_seed202.pt,cond1,202,1,9001,greedy,none,none,none,none,f_value,2.500,6298,0.0,4.0,0.0,16.0,0.0,0.0,150000,comm,private,
<SOURCE_ZEROAUX_REPO>/iwr-results/dsc-epgg-vectorized-zeroaux-plan/phase3-vecstraight-zeroaux-comm-reduced-20260415/phase3-vecstraight-zeroaux-comm-reduced-20260415/outputs/train/phase3_vecstraight_comm_history_factorial_with_comm_reduced_history_zeroaux_15seeds_iwr_20260415/train/cond1_seed202.pt,cond1,202,1,9001,greedy,none,none,none,none,f_value,3.500,6673,0.02026824516709126,4.2026824516709125,0.0,16.81072980668365,0.019392690791830886,0.01834425253126861,150000,comm,private,
<SOURCE_ZEROAUX_REPO>/iwr-results/dsc-epgg-vectorized-zeroaux-plan/phase3-vecstraight-zeroaux-comm-reduced-20260415/phase3-vecstraight-zeroaux-comm-reduced-20260415/outputs/train/phase3_vecstraight_comm_history_factorial_with_comm_reduced_history_zeroaux_15seeds_iwr_20260415/train/cond1_seed202.pt,cond1,202,1,9001,greedy,none,none,none,none,f_value,5.000,5917,0.8317137062700692,17.307419300321108,0.5056616528646274,69.22967720128443,0.8340121317157713,0.8188837059675085,150000,comm,private,
<SOURCE_ZEROAUX_REPO>/iwr-results/dsc-epgg-vectorized-zeroaux-plan/phase3-vecstraight-zeroaux-comm-reduced-20260415/phase3-vecstraight-zeroaux-comm-reduced-20260415/outputs/train/phase3_vecstraight_comm_history_factorial_with_comm_reduced_history_zeroaux_15seeds_iwr_20260415/train/cond1_seed303.pt,cond1,303,1,9001,greedy,none,none,none,none,regime,competitive,5288,0.0,4.0,0.0,16.0,,,150000,comm,private,
<SOURCE_ZEROAUX_REPO>/iwr-results/dsc-epgg-vectorized-zeroaux-plan/phase3-vecstraight-zeroaux-comm-reduced-20260415/phase3-vecstraight-zeroaux-comm-reduced-20260415/outputs/train/phase3_vecstraight_comm_history_factorial_with_comm_reduced_history_zeroaux_15seeds_iwr_20260415/train/cond1_seed303.pt,cond1,303,1,9001,greedy,none,none,none,none,regime,cooperative,5917,0.8152357613655569,17.04377218184891,0.40003380091262464,68.17508872739565,,,150000,comm,private,
<SOURCE_ZEROAUX_REPO>/iwr-results/dsc-epgg-vectorized-zeroaux-plan/phase3-vecstraight-zeroaux-comm-reduced-20260415/phase3-vecstraight-zeroaux-comm-reduced-20260415/outputs/train/phase3_vecstraight_comm_history_factorial_with_comm_reduced_history_zeroaux_15seeds_iwr_20260415/train/cond1_seed303.pt,cond1,303,1,9001,greedy,none,none,none,none,regime,mixed,18795,0.024740622505985636,4.247140196860867,0.0,16.98856078744347,,,150000,comm,private,
<SOURCE_ZEROAUX_REPO>/iwr-results/dsc-epgg-vectorized-zeroaux-plan/phase3-vecstraight-zeroaux-comm-reduced-20260415/phase3-vecstraight-zeroaux-comm-reduced-20260415/outputs/train/phase3_vecstraight_comm_history_factorial_with_comm_reduced_history_zeroaux_15seeds_iwr_20260415/train/cond1_seed303.pt,cond1,303,1,9001,greedy,none,none,none,none,f_value,0.500,5288,0.0,4.0,0.0,16.0,0.0,0.0,150000,comm,private,
<SOURCE_ZEROAUX_REPO>/iwr-results/dsc-epgg-vectorized-zeroaux-plan/phase3-vecstraight-zeroaux-comm-reduced-20260415/phase3-vecstraight-zeroaux-comm-reduced-20260415/outputs/train/phase3_vecstraight_comm_history_factorial_with_comm_reduced_history_zeroaux_15seeds_iwr_20260415/train/cond1_seed303.pt,cond1,303,1,9001,greedy,none,none,none,none,f_value,1.500,5824,0.0,4.0,0.0,16.0,0.0,0.0,150000,comm,private,
<SOURCE_ZEROAUX_REPO>/iwr-results/dsc-epgg-vectorized-zeroaux-plan/phase3-vecstraight-zeroaux-comm-reduced-20260415/phase3-vecstraight-zeroaux-comm-reduced-20260415/outputs/train/phase3_vecstraight_comm_history_factorial_with_comm_reduced_history_zeroaux_15seeds_iwr_20260415/train/cond1_seed303.pt,cond1,303,1,9001,greedy,none,none,none,none,f_value,2.500,6298,0.0001984757065735154,4.001190854239441,0.0,16.004763416957765,0.00022989562738516713,0.00019986409241715632,150000,comm,private,
<SOURCE_ZEROAUX_REPO>/iwr-results/dsc-epgg-vectorized-zeroaux-plan/phase3-vecstraight-zeroaux-comm-reduced-20260415/phase3-vecstraight-zeroaux-comm-reduced-20260415/outputs/train/phase3_vecstraight_comm_history_factorial_with_comm_reduced_history_zeroaux_15seeds_iwr_20260415/train/cond1_seed303.pt,cond1,303,1,9001,greedy,none,none,none,none,f_value,3.500,6673,0.06949647834557171,4.694964783455717,0.0,18.779859133822868,0.07349905384483055,0.0723479804704838,150000,comm,private,
<SOURCE_ZEROAUX_REPO>/iwr-results/dsc-epgg-vectorized-zeroaux-plan/phase3-vecstraight-zeroaux-comm-reduced-20260415/phase3-vecstraight-zeroaux-comm-reduced-20260415/outputs/train/phase3_vecstraight_comm_history_factorial_with_comm_reduced_history_zeroaux_15seeds_iwr_20260415/train/cond1_seed303.pt,cond1,303,1,9001,greedy,none,none,none,none,f_value,5.000,5917,0.8152357613655569,17.04377218184891,0.40003380091262464,68.17508872739565,0.8155523944997629,0.8217019562200636,150000,comm,private,
<SOURCE_ZEROAUX_REPO>/iwr-results/dsc-epgg-vectorized-zeroaux-plan/phase3-vecstraight-zeroaux-comm-reduced-20260415/phase3-vecstraight-zeroaux-comm-reduced-20260415/outputs/train/phase3_vecstraight_comm_history_factorial_with_comm_reduced_history_zeroaux_15seeds_iwr_20260415/train/cond1_seed404.pt,cond1,404,1,9001,greedy,none,none,none,none,regime,competitive,5288,0.0,4.0,0.0,16.0,,,150000,comm,private,
<SOURCE_ZEROAUX_REPO>/iwr-results/dsc-epgg-vectorized-zeroaux-plan/phase3-vecstraight-zeroaux-comm-reduced-20260415/phase3-vecstraight-zeroaux-comm-reduced-20260415/outputs/train/phase3_vecstraight_comm_history_factorial_with_comm_reduced_history_zeroaux_15seeds_iwr_20260415/train/cond1_seed404.pt,cond1,404,1,9001,greedy,none,none,none,none,regime,cooperative,5917,0.729592699002873,15.673483184045969,0.29947608585431806,62.693932736183875,,,150000,comm,private,
<SOURCE_ZEROAUX_REPO>/iwr-results/dsc-epgg-vectorized-zeroaux-plan/phase3-vecstraight-zeroaux-comm-reduced-20260415/phase3-vecstraight-zeroaux-comm-reduced-20260415/outputs/train/phase3_vecstraight_comm_history_factorial_with_comm_reduced_history_zeroaux_15seeds_iwr_20260415/train/cond1_seed404.pt,cond1,404,1,9001,greedy,none,none,none,none,regime,mixed,18795,0.0018754988028731046,4.018754988028731,0.0,16.075019952114925,,,150000,comm,private,
<SOURCE_ZEROAUX_REPO>/iwr-results/dsc-epgg-vectorized-zeroaux-plan/phase3-vecstraight-zeroaux-comm-reduced-20260415/phase3-vecstraight-zeroaux-comm-reduced-20260415/outputs/train/phase3_vecstraight_comm_history_factorial_with_comm_reduced_history_zeroaux_15seeds_iwr_20260415/train/cond1_seed404.pt,cond1,404,1,9001,greedy,none,none,none,none,f_value,0.500,5288,0.0,4.0,0.0,16.0,0.0,0.0,150000,comm,private,
<SOURCE_ZEROAUX_REPO>/iwr-results/dsc-epgg-vectorized-zeroaux-plan/phase3-vecstraight-zeroaux-comm-reduced-20260415/phase3-vecstraight-zeroaux-comm-reduced-20260415/outputs/train/phase3_vecstraight_comm_history_factorial_with_comm_reduced_history_zeroaux_15seeds_iwr_20260415/train/cond1_seed404.pt,cond1,404,1,9001,greedy,none,none,none,none,f_value,1.500,5824,0.0,4.0,0.0,16.0,0.0,0.0,150000,comm,private,
<SOURCE_ZEROAUX_REPO>/iwr-results/dsc-epgg-vectorized-zeroaux-plan/phase3-vecstraight-zeroaux-comm-reduced-20260415/phase3-vecstraight-zeroaux-comm-reduced-20260415/outputs/train/phase3_vecstraight_comm_history_factorial_with_comm_reduced_history_zeroaux_15seeds_iwr_20260415/train/cond1_seed404.pt,cond1,404,1,9001,greedy,none,none,none,none,f_value,2.500,6298,0.0,4.0,0.0,16.0,0.0,0.0,150000,comm,private,
<SOURCE_ZEROAUX_REPO>/iwr-results/dsc-epgg-vectorized-zeroaux-plan/phase3-vecstraight-zeroaux-comm-reduced-20260415/phase3-vecstraight-zeroaux-comm-reduced-20260415/outputs/train/phase3_vecstraight_comm_history_factorial_with_comm_reduced_history_zeroaux_15seeds_iwr_20260415/train/cond1_seed404.pt,cond1,404,1,9001,greedy,none,none,none,none,f_value,3.500,6673,0.0052824816424396825,4.052824816424397,0.0,16.211299265697587,0.004899374387578202,0.005645002945218928,150000,comm,private,
<SOURCE_ZEROAUX_REPO>/iwr-results/dsc-epgg-vectorized-zeroaux-plan/phase3-vecstraight-zeroaux-comm-reduced-20260415/phase3-vecstraight-zeroaux-comm-reduced-20260415/outputs/train/phase3_vecstraight_comm_history_factorial_with_comm_reduced_history_zeroaux_15seeds_iwr_20260415/train/cond1_seed404.pt,cond1,404,1,9001,greedy,none,none,none,none,f_value,5.000,5917,0.729592699002873,15.673483184045969,0.29947608585431806,62.693932736183875,0.7049893037057484,0.7356390464412128,150000,comm,private,
<SOURCE_ZEROAUX_REPO>/iwr-results/dsc-epgg-vectorized-zeroaux-plan/phase3-vecstraight-zeroaux-comm-reduced-20260415/phase3-vecstraight-zeroaux-comm-reduced-20260415/outputs/train/phase3_vecstraight_comm_history_factorial_with_comm_reduced_history_zeroaux_15seeds_iwr_20260415/train/cond1_seed505.pt,cond1,505,1,9001,greedy,none,none,none,none,regime,competitive,5288,0.0,4.0,0.0,16.0,,,150000,comm,private,
<SOURCE_ZEROAUX_REPO>/iwr-results/dsc-epgg-vectorized-zeroaux-plan/phase3-vecstraight-zeroaux-comm-reduced-20260415/phase3-vecstraight-zeroaux-comm-reduced-20260415/outputs/train/phase3_vecstraight_comm_history_factorial_with_comm_reduced_history_zeroaux_15seeds_iwr_20260415/train/cond1_seed505.pt,cond1,505,1,9001,greedy,none,none,none,none,regime,cooperative,5917,0.7837586614838601,16.54013858374176,0.3740070981916512,66.16055433496705,,,150000,comm,private,
<SOURCE_ZEROAUX_REPO>/iwr-results/dsc-epgg-vectorized-zeroaux-plan/phase3-vecstraight-zeroaux-comm-reduced-20260415/phase3-vecstraight-zeroaux-comm-reduced-20260415/outputs/train/phase3_vecstraight_comm_history_factorial_with_comm_reduced_history_zeroaux_15seeds_iwr_20260415/train/cond1_seed505.pt,cond1,505,1,9001,greedy,none,none,none,none,regime,mixed,18795,0.03884011705240756,4.380526735833999,0.0,17.522106943335995,,,150000,comm,private,
<SOURCE_ZEROAUX_REPO>/iwr-results/dsc-epgg-vectorized-zeroaux-plan/phase3-vecstraight-zeroaux-comm-reduced-20260415/phase3-vecstraight-zeroaux-comm-reduced-20260415/outputs/train/phase3_vecstraight_comm_history_factorial_with_comm_reduced_history_zeroaux_15seeds_iwr_20260415/train/cond1_seed505.pt,cond1,505,1,9001,greedy,none,none,none,none,f_value,0.500,5288,0.0,4.0,0.0,16.0,0.0,0.0,150000,comm,private,
<SOURCE_ZEROAUX_REPO>/iwr-results/dsc-epgg-vectorized-zeroaux-plan/phase3-vecstraight-zeroaux-comm-reduced-20260415/phase3-vecstraight-zeroaux-comm-reduced-20260415/outputs/train/phase3_vecstraight_comm_history_factorial_with_comm_reduced_history_zeroaux_15seeds_iwr_20260415/train/cond1_seed505.pt,cond1,505,1,9001,greedy,none,none,none,none,f_value,1.500,5824,4.292582417582418e-05,4.000085851648351,0.0,16.000343406593405,0.0,4.292582417582418e-05,150000,comm,private,
<SOURCE_ZEROAUX_REPO>/iwr-results/dsc-epgg-vectorized-zeroaux-plan/phase3-vecstraight-zeroaux-comm-reduced-20260415/phase3-vecstraight-zeroaux-comm-reduced-20260415/outputs/train/phase3_vecstraight_comm_history_factorial_with_comm_reduced_history_zeroaux_15seeds_iwr_20260415/train/cond1_seed505.pt,cond1,505,1,9001,greedy,none,none,none,none,f_value,2.500,6298,0.00579549063194665,4.03477294379168,0.0,16.13909177516672,0.0018507972665148065,0.005804015106340688,150000,comm,private,
<SOURCE_ZEROAUX_REPO>/iwr-results/dsc-epgg-vectorized-zeroaux-plan/phase3-vecstraight-zeroaux-comm-reduced-20260415/phase3-vecstraight-zeroaux-comm-reduced-20260415/outputs/train/phase3_vecstraight_comm_history_factorial_with_comm_reduced_history_zeroaux_15seeds_iwr_20260415/train/cond1_seed505.pt,cond1,505,1,9001,greedy,none,none,none,none,f_value,3.500,6673,0.10388880563464709,5.038888056346471,0.0,20.155552225385883,0.0812121751512994,0.10802160432086418,150000,comm,private,
<SOURCE_ZEROAUX_REPO>/iwr-results/dsc-epgg-vectorized-zeroaux-plan/phase3-vecstraight-zeroaux-comm-reduced-20260415/phase3-vecstraight-zeroaux-comm-reduced-20260415/outputs/train/phase3_vecstraight_comm_history_factorial_with_comm_reduced_history_zeroaux_15seeds_iwr_20260415/train/cond1_seed505.pt,cond1,505,1,9001,greedy,none,none,none,none,f_value,5.000,5917,0.7837586614838601,16.54013858374176,0.3740070981916512,66.16055433496705,0.7815448994406251,0.787626856258242,150000,comm,private,
<SOURCE_ZEROAUX_REPO>/iwr-results/dsc-epgg-vectorized-zeroaux-plan/phase3-vecstraight-zeroaux-comm-reduced-20260415/phase3-vecstraight-zeroaux-comm-reduced-20260415/outputs/train/phase3_vecstraight_comm_history_factorial_with_comm_reduced_history_zeroaux_15seeds_iwr_20260415/train/cond1_seed606.pt,cond1,606,1,9001,greedy,none,none,none,none,regime,competitive,5288,0.0,4.0,0.0,16.0,,,150000,comm,private,
<SOURCE_ZEROAUX_REPO>/iwr-results/dsc-epgg-vectorized-zeroaux-plan/phase3-vecstraight-zeroaux-comm-reduced-20260415/phase3-vecstraight-zeroaux-comm-reduced-20260415/outputs/train/phase3_vecstraight_comm_history_factorial_with_comm_reduced_history_zeroaux_15seeds_iwr_20260415/train/cond1_seed606.pt,cond1,606,1,9001,greedy,none,none,none,none,regime,cooperative,5917,0.7859557208044617,16.575291532871386,0.3834713537265506,66.30116613148554,,,150000,comm,private,
<SOURCE_ZEROAUX_REPO>/iwr-results/dsc-epgg-vectorized-zeroaux-plan/phase3-vecstraight-zeroaux-comm-reduced-20260415/phase3-vecstraight-zeroaux-comm-reduced-20260415/outputs/train/phase3_vecstraight_comm_history_factorial_with_comm_reduced_history_zeroaux_15seeds_iwr_20260415/train/cond1_seed606.pt,cond1,606,1,9001,greedy,none,none,none,none,regime,mixed,18795,0.041660015961691936,4.414897579143389,0.0,17.659590316573556,,,150000,comm,private,
<SOURCE_ZEROAUX_REPO>/iwr-results/dsc-epgg-vectorized-zeroaux-plan/phase3-vecstraight-zeroaux-comm-reduced-20260415/phase3-vecstraight-zeroaux-comm-reduced-20260415/outputs/train/phase3_vecstraight_comm_history_factorial_with_comm_reduced_history_zeroaux_15seeds_iwr_20260415/train/cond1_seed606.pt,cond1,606,1,9001,greedy,none,none,none,none,f_value,0.500,5288,0.0,4.0,0.0,16.0,,0.0,150000,comm,private,
<SOURCE_ZEROAUX_REPO>/iwr-results/dsc-epgg-vectorized-zeroaux-plan/phase3-vecstraight-zeroaux-comm-reduced-20260415/phase3-vecstraight-zeroaux-comm-reduced-20260415/outputs/train/phase3_vecstraight_comm_history_factorial_with_comm_reduced_history_zeroaux_15seeds_iwr_20260415/train/cond1_seed606.pt,cond1,606,1,9001,greedy,none,none,none,none,f_value,1.500,5824,0.0,4.0,0.0,16.0,0.0,0.0,150000,comm,private,
<SOURCE_ZEROAUX_REPO>/iwr-results/dsc-epgg-vectorized-zeroaux-plan/phase3-vecstraight-zeroaux-comm-reduced-20260415/phase3-vecstraight-zeroaux-comm-reduced-20260415/outputs/train/phase3_vecstraight_comm_history_factorial_with_comm_reduced_history_zeroaux_15seeds_iwr_20260415/train/cond1_seed606.pt,cond1,606,1,9001,greedy,none,none,none,none,f_value,2.500,6298,0.0012702445220704986,4.007621467132423,0.0,16.03048586852969,0.0010694307337940111,0.0012713042787334632,150000,comm,private,
<SOURCE_ZEROAUX_REPO>/iwr-results/dsc-epgg-vectorized-zeroaux-plan/phase3-vecstraight-zeroaux-comm-reduced-20260415/phase3-vecstraight-zeroaux-comm-reduced-20260415/outputs/train/phase3_vecstraight_comm_history_factorial_with_comm_reduced_history_zeroaux_15seeds_iwr_20260415/train/cond1_seed606.pt,cond1,606,1,9001,greedy,none,none,none,none,f_value,3.500,6673,0.11613966731604976,5.161396673160498,0.0,20.64558669264199,0.11193523585545656,0.12060241916357024,150000,comm,private,
<SOURCE_ZEROAUX_REPO>/iwr-results/dsc-epgg-vectorized-zeroaux-plan/phase3-vecstraight-zeroaux-comm-reduced-20260415/phase3-vecstraight-zeroaux-comm-reduced-20260415/outputs/train/phase3_vecstraight_comm_history_factorial_with_comm_reduced_history_zeroaux_15seeds_iwr_20260415/train/cond1_seed606.pt,cond1,606,1,9001,greedy,none,none,none,none,f_value,5.000,5917,0.7859557208044617,16.575291532871386,0.3834713537265506,66.30116613148554,0.7860713377954758,0.8050945378151261,150000,comm,private,
<SOURCE_ZEROAUX_REPO>/iwr-results/dsc-epgg-vectorized-zeroaux-plan/phase3-vecstraight-zeroaux-comm-reduced-20260415/phase3-vecstraight-zeroaux-comm-reduced-20260415/outputs/train/phase3_vecstraight_comm_history_factorial_with_comm_reduced_history_zeroaux_15seeds_iwr_20260415/train/cond1_seed707.pt,cond1,707,1,9001,greedy,none,none,none,none,regime,competitive,5288,0.0,4.0,0.0,16.0,,,150000,comm,private,
<SOURCE_ZEROAUX_REPO>/iwr-results/dsc-epgg-vectorized-zeroaux-plan/phase3-vecstraight-zeroaux-comm-reduced-20260415/phase3-vecstraight-zeroaux-comm-reduced-20260415/outputs/train/phase3_vecstraight_comm_history_factorial_with_comm_reduced_history_zeroaux_15seeds_iwr_20260415/train/cond1_seed707.pt,cond1,707,1,9001,greedy,none,none,none,none,regime,cooperative,5917,0.6893696129795505,15.029913807672807,0.2700692918708805,60.11965523069123,,,150000,comm,private,
<SOURCE_ZEROAUX_REPO>/iwr-results/dsc-epgg-vectorized-zeroaux-plan/phase3-vecstraight-zeroaux-comm-reduced-20260415/phase3-vecstraight-zeroaux-comm-reduced-20260415/outputs/train/phase3_vecstraight_comm_history_factorial_with_comm_reduced_history_zeroaux_15seeds_iwr_20260415/train/cond1_seed707.pt,cond1,707,1,9001,greedy,none,none,none,none,regime,mixed,18795,0.022466081404628892,4.22391593508912,0.0,16.89566374035648,,,150000,comm,private,
<SOURCE_ZEROAUX_REPO>/iwr-results/dsc-epgg-vectorized-zeroaux-plan/phase3-vecstraight-zeroaux-comm-reduced-20260415/phase3-vecstraight-zeroaux-comm-reduced-20260415/outputs/train/phase3_vecstraight_comm_history_factorial_with_comm_reduced_history_zeroaux_15seeds_iwr_20260415/train/cond1_seed707.pt,cond1,707,1,9001,greedy,none,none,none,none,f_value,0.500,5288,0.0,4.0,0.0,16.0,0.0,0.0,150000,comm,private,
<SOURCE_ZEROAUX_REPO>/iwr-results/dsc-epgg-vectorized-zeroaux-plan/phase3-vecstraight-zeroaux-comm-reduced-20260415/phase3-vecstraight-zeroaux-comm-reduced-20260415/outputs/train/phase3_vecstraight_comm_history_factorial_with_comm_reduced_history_zeroaux_15seeds_iwr_20260415/train/cond1_seed707.pt,cond1,707,1,9001,greedy,none,none,none,none,f_value,1.500,5824,0.0,4.0,0.0,16.0,0.0,0.0,150000,comm,private,
<SOURCE_ZEROAUX_REPO>/iwr-results/dsc-epgg-vectorized-zeroaux-plan/phase3-vecstraight-zeroaux-comm-reduced-20260415/phase3-vecstraight-zeroaux-comm-reduced-20260415/outputs/train/phase3_vecstraight_comm_history_factorial_with_comm_reduced_history_zeroaux_15seeds_iwr_20260415/train/cond1_seed707.pt,cond1,707,1,9001,greedy,none,none,none,none,f_value,2.500,6298,0.0005557319784058432,4.003334391870435,0.0,16.01333756748174,0.0003205128205128205,0.0005578355978802247,150000,comm,private,
<SOURCE_ZEROAUX_REPO>/iwr-results/dsc-epgg-vectorized-zeroaux-plan/phase3-vecstraight-zeroaux-comm-reduced-20260415/phase3-vecstraight-zeroaux-comm-reduced-20260415/outputs/train/phase3_vecstraight_comm_history_factorial_with_comm_reduced_history_zeroaux_15seeds_iwr_20260415/train/cond1_seed707.pt,cond1,707,1,9001,greedy,none,none,none,none,f_value,3.500,6673,0.06275288475947849,4.627528847594785,0.0,18.51011539037914,0.06166986639501626,0.05590220297975296,150000,comm,private,
<SOURCE_ZEROAUX_REPO>/iwr-results/dsc-epgg-vectorized-zeroaux-plan/phase3-vecstraight-zeroaux-comm-reduced-20260415/phase3-vecstraight-zeroaux-comm-reduced-20260415/outputs/train/phase3_vecstraight_comm_history_factorial_with_comm_reduced_history_zeroaux_15seeds_iwr_20260415/train/cond1_seed707.pt,cond1,707,1,9001,greedy,none,none,none,none,f_value,5.000,5917,0.6893696129795505,15.029913807672807,0.2700692918708805,60.11965523069123,0.689661002620678,0.48326317899378635,150000,comm,private,
<SOURCE_ZEROAUX_REPO>/iwr-results/dsc-epgg-vectorized-zeroaux-plan/phase3-vecstraight-zeroaux-comm-reduced-20260415/phase3-vecstraight-zeroaux-comm-reduced-20260415/outputs/train/phase3_vecstraight_comm_history_factorial_with_comm_reduced_history_zeroaux_15seeds_iwr_20260415/train/cond1_seed808.pt,cond1,808,1,9001,greedy,none,none,none,none,regime,competitive,5288,0.0,4.0,0.0,16.0,,,150000,comm,private,
<SOURCE_ZEROAUX_REPO>/iwr-results/dsc-epgg-vectorized-zeroaux-plan/phase3-vecstraight-zeroaux-comm-reduced-20260415/phase3-vecstraight-zeroaux-comm-reduced-20260415/outputs/train/phase3_vecstraight_comm_history_factorial_with_comm_reduced_history_zeroaux_15seeds_iwr_20260415/train/cond1_seed808.pt,cond1,808,1,9001,greedy,none,none,none,none,regime,cooperative,5917,0.6876795673483184,15.002873077573094,0.2345783336150076,60.011492310292375,,,150000,comm,private,
<SOURCE_ZEROAUX_REPO>/iwr-results/dsc-epgg-vectorized-zeroaux-plan/phase3-vecstraight-zeroaux-comm-reduced-20260415/phase3-vecstraight-zeroaux-comm-reduced-20260415/outputs/train/phase3_vecstraight_comm_history_factorial_with_comm_reduced_history_zeroaux_15seeds_iwr_20260415/train/cond1_seed808.pt,cond1,808,1,9001,greedy,none,none,none,none,regime,mixed,18795,0.010654429369513168,4.106491088055334,0.0,16.425964352221335,,,150000,comm,private,
<SOURCE_ZEROAUX_REPO>/iwr-results/dsc-epgg-vectorized-zeroaux-plan/phase3-vecstraight-zeroaux-comm-reduced-20260415/phase3-vecstraight-zeroaux-comm-reduced-20260415/outputs/train/phase3_vecstraight_comm_history_factorial_with_comm_reduced_history_zeroaux_15seeds_iwr_20260415/train/cond1_seed808.pt,cond1,808,1,9001,greedy,none,none,none,none,f_value,0.500,5288,0.0,4.0,0.0,16.0,0.0,0.0,150000,comm,private,
<SOURCE_ZEROAUX_REPO>/iwr-results/dsc-epgg-vectorized-zeroaux-plan/phase3-vecstraight-zeroaux-comm-reduced-20260415/phase3-vecstraight-zeroaux-comm-reduced-20260415/outputs/train/phase3_vecstraight_comm_history_factorial_with_comm_reduced_history_zeroaux_15seeds_iwr_20260415/train/cond1_seed808.pt,cond1,808,1,9001,greedy,none,none,none,none,f_value,1.500,5824,0.0,4.0,0.0,16.0,0.0,0.0,150000,comm,private,
<SOURCE_ZEROAUX_REPO>/iwr-results/dsc-epgg-vectorized-zeroaux-plan/phase3-vecstraight-zeroaux-comm-reduced-20260415/phase3-vecstraight-zeroaux-comm-reduced-20260415/outputs/train/phase3_vecstraight_comm_history_factorial_with_comm_reduced_history_zeroaux_15seeds_iwr_20260415/train/cond1_seed808.pt,cond1,808,1,9001,greedy,none,none,none,none,f_value,2.500,6298,3.969514131470308e-05,4.000238170847888,0.0,16.000952683391553,3.9710904614407116e-05,0.00012070006035003017,150000,comm,private,
<SOURCE_ZEROAUX_REPO>/iwr-results/dsc-epgg-vectorized-zeroaux-plan/phase3-vecstraight-zeroaux-comm-reduced-20260415/phase3-vecstraight-zeroaux-comm-reduced-20260415/outputs/train/phase3_vecstraight_comm_history_factorial_with_comm_reduced_history_zeroaux_15seeds_iwr_20260415/train/cond1_seed808.pt,cond1,808,1,9001,greedy,none,none,none,none,f_value,3.500,6673,0.029971527049303164,4.2997152704930315,0.0,17.198861081972126,0.020210154931737997,0.03152355411627789,150000,comm,private,
<SOURCE_ZEROAUX_REPO>/iwr-results/dsc-epgg-vectorized-zeroaux-plan/phase3-vecstraight-zeroaux-comm-reduced-20260415/phase3-vecstraight-zeroaux-comm-reduced-20260415/outputs/train/phase3_vecstraight_comm_history_factorial_with_comm_reduced_history_zeroaux_15seeds_iwr_20260415/train/cond1_seed808.pt,cond1,808,1,9001,greedy,none,none,none,none,f_value,5.000,5917,0.6876795673483184,15.002873077573094,0.2345783336150076,60.011492310292375,0.6832079538955611,0.6592894863178108,150000,comm,private,
<SOURCE_ZEROAUX_REPO>/iwr-results/dsc-epgg-vectorized-zeroaux-plan/phase3-vecstraight-zeroaux-comm-reduced-20260415/phase3-vecstraight-zeroaux-comm-reduced-20260415/outputs/train/phase3_vecstraight_comm_history_factorial_with_comm_reduced_history_zeroaux_15seeds_iwr_20260415/train/cond1_seed909.pt,cond1,909,1,9001,greedy,none,none,none,none,regime,competitive,5288,0.0,4.0,0.0,16.0,,,150000,comm,private,
<SOURCE_ZEROAUX_REPO>/iwr-results/dsc-epgg-vectorized-zeroaux-plan/phase3-vecstraight-zeroaux-comm-reduced-20260415/phase3-vecstraight-zeroaux-comm-reduced-20260415/outputs/train/phase3_vecstraight_comm_history_factorial_with_comm_reduced_history_zeroaux_15seeds_iwr_20260415/train/cond1_seed909.pt,cond1,909,1,9001,greedy,none,none,none,none,regime,cooperative,5917,0.8093206016562448,16.949129626499914,0.4845360824742268,67.79651850599966,,,150000,comm,private,
<SOURCE_ZEROAUX_REPO>/iwr-results/dsc-epgg-vectorized-zeroaux-plan/phase3-vecstraight-zeroaux-comm-reduced-20260415/phase3-vecstraight-zeroaux-comm-reduced-20260415/outputs/train/phase3_vecstraight_comm_history_factorial_with_comm_reduced_history_zeroaux_15seeds_iwr_20260415/train/cond1_seed909.pt,cond1,909,1,9001,greedy,none,none,none,none,regime,mixed,18795,0.023942537909018357,4.238361266294227,0.0,16.953445065176908,,,150000,comm,private,
<SOURCE_ZEROAUX_REPO>/iwr-results/dsc-epgg-vectorized-zeroaux-plan/phase3-vecstraight-zeroaux-comm-reduced-20260415/phase3-vecstraight-zeroaux-comm-reduced-20260415/outputs/train/phase3_vecstraight_comm_history_factorial_with_comm_reduced_history_zeroaux_15seeds_iwr_20260415/train/cond1_seed909.pt,cond1,909,1,9001,greedy,none,none,none,none,f_value,0.500,5288,0.0,4.0,0.0,16.0,0.0,0.0,150000,comm,private,
<SOURCE_ZEROAUX_REPO>/iwr-results/dsc-epgg-vectorized-zeroaux-plan/phase3-vecstraight-zeroaux-comm-reduced-20260415/phase3-vecstraight-zeroaux-comm-reduced-20260415/outputs/train/phase3_vecstraight_comm_history_factorial_with_comm_reduced_history_zeroaux_15seeds_iwr_20260415/train/cond1_seed909.pt,cond1,909,1,9001,greedy,none,none,none,none,f_value,1.500,5824,4.292582417582418e-05,4.000085851648351,0.0,16.000343406593405,0.0,4.292950974499871e-05,150000,comm,private,
<SOURCE_ZEROAUX_REPO>/iwr-results/dsc-epgg-vectorized-zeroaux-plan/phase3-vecstraight-zeroaux-comm-reduced-20260415/phase3-vecstraight-zeroaux-comm-reduced-20260415/outputs/train/phase3_vecstraight_comm_history_factorial_with_comm_reduced_history_zeroaux_15seeds_iwr_20260415/train/cond1_seed909.pt,cond1,909,1,9001,greedy,none,none,none,none,f_value,2.500,6298,0.0007145125436646554,4.004287075261988,0.0,16.017148301047953,0.0008161183371588881,0.0007161898698921736,150000,comm,private,
<SOURCE_ZEROAUX_REPO>/iwr-results/dsc-epgg-vectorized-zeroaux-plan/phase3-vecstraight-zeroaux-comm-reduced-20260415/phase3-vecstraight-zeroaux-comm-reduced-20260415/outputs/train/phase3_vecstraight_comm_history_factorial_with_comm_reduced_history_zeroaux_15seeds_iwr_20260415/train/cond1_seed909.pt,cond1,909,1,9001,greedy,none,none,none,none,f_value,3.500,6673,0.06672411209351116,4.6672411209351115,0.0,18.668964483740446,0.06276828379363408,0.07039091389329107,150000,comm,private,
<SOURCE_ZEROAUX_REPO>/iwr-results/dsc-epgg-vectorized-zeroaux-plan/phase3-vecstraight-zeroaux-comm-reduced-20260415/phase3-vecstraight-zeroaux-comm-reduced-20260415/outputs/train/phase3_vecstraight_comm_history_factorial_with_comm_reduced_history_zeroaux_15seeds_iwr_20260415/train/cond1_seed909.pt,cond1,909,1,9001,greedy,none,none,none,none,f_value,5.000,5917,0.8093206016562448,16.949129626499914,0.4845360824742268,67.79651850599966,0.8103250964269063,0.7962189747158432,150000,comm,private,
<SOURCE_VECSTRAIGHT_REPO>/hetzner-results/phase3_vecstraight_comm_history_factorial_without_comm_reduced_history_15seeds_hetzner_20260330par24/train/cond2_seed101.pt,cond2,101,0,9001,greedy,none,none,none,none,regime,competitive,5309,0.000282539084573366,3.9994349218308534,0.0,15.997739687323413,,,150000,baseline,private,
<SOURCE_VECSTRAIGHT_REPO>/hetzner-results/phase3_vecstraight_comm_history_factorial_without_comm_reduced_history_15seeds_hetzner_20260330par24/train/cond2_seed101.pt,cond2,101,0,9001,greedy,none,none,none,none,regime,cooperative,6363,0.9353685368536854,18.965896589658964,0.7626905547697627,75.86358635863586,,,150000,baseline,private,
<SOURCE_VECSTRAIGHT_REPO>/hetzner-results/phase3_vecstraight_comm_history_factorial_without_comm_reduced_history_15seeds_hetzner_20260330par24/train/cond2_seed101.pt,cond2,101,0,9001,greedy,none,none,none,none,regime,mixed,18328,0.03386894369271061,4.338034701003928,0.0,17.352138804015713,,,150000,baseline,private,
<SOURCE_VECSTRAIGHT_REPO>/hetzner-results/phase3_vecstraight_comm_history_factorial_without_comm_reduced_history_15seeds_hetzner_20260330par24/train/cond2_seed101.pt,cond2,101,0,9001,greedy,none,none,none,none,f_value,0.500,5309,0.000282539084573366,3.9994349218308534,0.0,15.997739687323413,,,150000,baseline,private,
<SOURCE_VECSTRAIGHT_REPO>/hetzner-results/phase3_vecstraight_comm_history_factorial_without_comm_reduced_history_15seeds_hetzner_20260330par24/train/cond2_seed101.pt,cond2,101,0,9001,greedy,none,none,none,none,f_value,1.500,5852,0.0,4.0,0.0,16.0,,,150000,baseline,private,
<SOURCE_VECSTRAIGHT_REPO>/hetzner-results/phase3_vecstraight_comm_history_factorial_without_comm_reduced_history_15seeds_hetzner_20260330par24/train/cond2_seed101.pt,cond2,101,0,9001,greedy,none,none,none,none,f_value,2.500,6044,0.0004963600264725347,4.002978160158835,0.0,16.01191264063534,,,150000,baseline,private,
<SOURCE_VECSTRAIGHT_REPO>/hetzner-results/phase3_vecstraight_comm_history_factorial_without_comm_reduced_history_15seeds_hetzner_20260330par24/train/cond2_seed101.pt,cond2,101,0,9001,greedy,none,none,none,none,f_value,3.500,6432,0.09604322139303482,4.960432213930348,0.0,19.841728855721392,,,150000,baseline,private,
<SOURCE_VECSTRAIGHT_REPO>/hetzner-results/phase3_vecstraight_comm_history_factorial_without_comm_reduced_history_15seeds_hetzner_20260330par24/train/cond2_seed101.pt,cond2,101,0,9001,greedy,none,none,none,none,f_value,5.000,6363,0.9353685368536854,18.965896589658964,0.7626905547697627,75.86358635863586,,,150000,baseline,private,
<SOURCE_VECSTRAIGHT_REPO>/hetzner-results/phase3_vecstraight_comm_history_factorial_without_comm_reduced_history_15seeds_hetzner_20260330par24/train/cond2_seed1111.pt,cond2,1111,0,9001,greedy,none,none,none,none,regime,competitive,5309,0.0006121680165756262,3.998775663966849,0.0,15.995102655867395,,,150000,baseline,private,
<SOURCE_VECSTRAIGHT_REPO>/hetzner-results/phase3_vecstraight_comm_history_factorial_without_comm_reduced_history_15seeds_hetzner_20260330par24/train/cond2_seed1111.pt,cond2,1111,0,9001,greedy,none,none,none,none,regime,cooperative,6363,0.8396196762533397,17.433914820053435,0.47556184189847556,69.73565928021374,,,150000,baseline,private,
<SOURCE_VECSTRAIGHT_REPO>/hetzner-results/phase3_vecstraight_comm_history_factorial_without_comm_reduced_history_15seeds_hetzner_20260330par24/train/cond2_seed1111.pt,cond2,1111,0,9001,greedy,none,none,none,none,regime,mixed,18328,0.01426778699257966,4.142623308598865,0.0,16.57049323439546,,,150000,baseline,private,
<SOURCE_VECSTRAIGHT_REPO>/hetzner-results/phase3_vecstraight_comm_history_factorial_without_comm_reduced_history_15seeds_hetzner_20260330par24/train/cond2_seed1111.pt,cond2,1111,0,9001,greedy,none,none,none,none,f_value,0.500,5309,0.0006121680165756262,3.998775663966849,0.0,15.995102655867395,,,150000,baseline,private,
<SOURCE_VECSTRAIGHT_REPO>/hetzner-results/phase3_vecstraight_comm_history_factorial_without_comm_reduced_history_15seeds_hetzner_20260330par24/train/cond2_seed1111.pt,cond2,1111,0,9001,greedy,none,none,none,none,f_value,1.500,5852,0.0,4.0,0.0,16.0,,,150000,baseline,private,
<SOURCE_VECSTRAIGHT_REPO>/hetzner-results/phase3_vecstraight_comm_history_factorial_without_comm_reduced_history_15seeds_hetzner_20260330par24/train/cond2_seed1111.pt,cond2,1111,0,9001,greedy,none,none,none,none,f_value,2.500,6044,4.1363335539377896e-05,4.000248180013236,0.0,16.000992720052945,,,150000,baseline,private,
<SOURCE_VECSTRAIGHT_REPO>/hetzner-results/phase3_vecstraight_comm_history_factorial_without_comm_reduced_history_15seeds_hetzner_20260330par24/train/cond2_seed1111.pt,cond2,1111,0,9001,greedy,none,none,none,none,f_value,3.500,6432,0.040617226368159204,4.406172263681592,0.0,17.624689054726367,,,150000,baseline,private,
<SOURCE_VECSTRAIGHT_REPO>/hetzner-results/phase3_vecstraight_comm_history_factorial_without_comm_reduced_history_15seeds_hetzner_20260330par24/train/cond2_seed1111.pt,cond2,1111,0,9001,greedy,none,none,none,none,f_value,5.000,6363,0.8396196762533397,17.433914820053435,0.47556184189847556,69.73565928021374,,,150000,baseline,private,
<SOURCE_VECSTRAIGHT_REPO>/hetzner-results/phase3_vecstraight_comm_history_factorial_without_comm_reduced_history_15seeds_hetzner_20260330par24/train/cond2_seed1212.pt,cond2,1212,0,9001,greedy,none,none,none,none,regime,competitive,5309,4.708984742889433e-05,3.999905820305142,0.0,15.999623281220568,,,150000,baseline,private,
<SOURCE_VECSTRAIGHT_REPO>/hetzner-results/phase3_vecstraight_comm_history_factorial_without_comm_reduced_history_15seeds_hetzner_20260330par24/train/cond2_seed1212.pt,cond2,1212,0,9001,greedy,none,none,none,none,regime,cooperative,6363,0.7442637120854942,15.908219393367908,0.16313059877416314,63.63287757347163,,,150000,baseline,private,
<SOURCE_VECSTRAIGHT_REPO>/hetzner-results/phase3_vecstraight_comm_history_factorial_without_comm_reduced_history_15seeds_hetzner_20260330par24/train/cond2_seed1212.pt,cond2,1212,0,9001,greedy,none,none,none,none,regime,mixed,18328,0.016286556089044085,4.16281099956351,0.0,16.65124399825404,,,150000,baseline,private,
<SOURCE_VECSTRAIGHT_REPO>/hetzner-results/phase3_vecstraight_comm_history_factorial_without_comm_reduced_history_15seeds_hetzner_20260330par24/train/cond2_seed1212.pt,cond2,1212,0,9001,greedy,none,none,none,none,f_value,0.500,5309,4.708984742889433e-05,3.999905820305142,0.0,15.999623281220568,,,150000,baseline,private,
<SOURCE_VECSTRAIGHT_REPO>/hetzner-results/phase3_vecstraight_comm_history_factorial_without_comm_reduced_history_15seeds_hetzner_20260330par24/train/cond2_seed1212.pt,cond2,1212,0,9001,greedy,none,none,none,none,f_value,1.500,5852,0.0,4.0,0.0,16.0,,,150000,baseline,private,
<SOURCE_VECSTRAIGHT_REPO>/hetzner-results/phase3_vecstraight_comm_history_factorial_without_comm_reduced_history_15seeds_hetzner_20260330par24/train/cond2_seed1212.pt,cond2,1212,0,9001,greedy,none,none,none,none,f_value,2.500,6044,4.1363335539377896e-05,4.000248180013236,0.0,16.000992720052945,,,150000,baseline,private,
<SOURCE_VECSTRAIGHT_REPO>/hetzner-results/phase3_vecstraight_comm_history_factorial_without_comm_reduced_history_15seeds_hetzner_20260330par24/train/cond2_seed1212.pt,cond2,1212,0,9001,greedy,none,none,none,none,f_value,3.500,6432,0.04636971393034826,4.463697139303482,0.0,17.85478855721393,,,150000,baseline,private,
<SOURCE_VECSTRAIGHT_REPO>/hetzner-results/phase3_vecstraight_comm_history_factorial_without_comm_reduced_history_15seeds_hetzner_20260330par24/train/cond2_seed1212.pt,cond2,1212,0,9001,greedy,none,none,none,none,f_value,5.000,6363,0.7442637120854942,15.908219393367908,0.16313059877416314,63.63287757347163,,,150000,baseline,private,
<SOURCE_VECSTRAIGHT_REPO>/hetzner-results/phase3_vecstraight_comm_history_factorial_without_comm_reduced_history_15seeds_hetzner_20260330par24/train/cond2_seed1313.pt,cond2,1313,0,9001,greedy,none,none,none,none,regime,competitive,5309,9.417969485778867e-05,3.9998116406102846,0.0,15.999246562441138,,,150000,baseline,private,
<SOURCE_VECSTRAIGHT_REPO>/hetzner-results/phase3_vecstraight_comm_history_factorial_without_comm_reduced_history_15seeds_hetzner_20260330par24/train/cond2_seed1313.pt,cond2,1313,0,9001,greedy,none,none,none,none,regime,cooperative,6363,0.681085965739431,14.897375451830897,0.11173974540311174,59.589501807323586,,,150000,baseline,private,
<SOURCE_VECSTRAIGHT_REPO>/hetzner-results/phase3_vecstraight_comm_history_factorial_without_comm_reduced_history_15seeds_hetzner_20260330par24/train/cond2_seed1313.pt,cond2,1313,0,9001,greedy,none,none,none,none,regime,mixed,18328,0.0460497599301615,4.45918812745526,5.456132693147097e-05,17.83675250982104,,,150000,baseline,private,
<SOURCE_VECSTRAIGHT_REPO>/hetzner-results/phase3_vecstraight_comm_history_factorial_without_comm_reduced_history_15seeds_hetzner_20260330par24/train/cond2_seed1313.pt,cond2,1313,0,9001,greedy,none,none,none,none,f_value,0.500,5309,9.417969485778867e-05,3.9998116406102846,0.0,15.999246562441138,,,150000,baseline,private,
<SOURCE_VECSTRAIGHT_REPO>/hetzner-results/phase3_vecstraight_comm_history_factorial_without_comm_reduced_history_15seeds_hetzner_20260330par24/train/cond2_seed1313.pt,cond2,1313,0,9001,greedy,none,none,none,none,f_value,1.500,5852,0.0,4.0,0.0,16.0,,,150000,baseline,private,
<SOURCE_VECSTRAIGHT_REPO>/hetzner-results/phase3_vecstraight_comm_history_factorial_without_comm_reduced_history_15seeds_hetzner_20260330par24/train/cond2_seed1313.pt,cond2,1313,0,9001,greedy,none,none,none,none,f_value,2.500,6044,0.0009927200529450694,4.0059563203176705,0.0,16.023825281270682,,,150000,baseline,private,
<SOURCE_VECSTRAIGHT_REPO>/hetzner-results/phase3_vecstraight_comm_history_factorial_without_comm_reduced_history_15seeds_hetzner_20260330par24/train/cond2_seed1313.pt,cond2,1313,0,9001,greedy,none,none,none,none,f_value,3.500,6432,0.1302860696517413,5.3028606965174125,0.0001554726368159204,21.21144278606965,,,150000,baseline,private,
<SOURCE_VECSTRAIGHT_REPO>/hetzner-results/phase3_vecstraight_comm_history_factorial_without_comm_reduced_history_15seeds_hetzner_20260330par24/train/cond2_seed1313.pt,cond2,1313,0,9001,greedy,none,none,none,none,f_value,5.000,6363,0.681085965739431,14.897375451830897,0.11173974540311174,59.589501807323586,,,150000,baseline,private,
<SOURCE_VECSTRAIGHT_REPO>/hetzner-results/phase3_vecstraight_comm_history_factorial_without_comm_reduced_history_15seeds_hetzner_20260330par24/train/cond2_seed1414.pt,cond2,1414,0,9001,greedy,none,none,none,none,regime,competitive,5309,0.0,4.0,0.0,16.0,,,150000,baseline,private,
<SOURCE_VECSTRAIGHT_REPO>/hetzner-results/phase3_vecstraight_comm_history_factorial_without_comm_reduced_history_15seeds_hetzner_20260330par24/train/cond2_seed1414.pt,cond2,1414,0,9001,greedy,none,none,none,none,regime,cooperative,6363,0.8593430771648594,17.74948923463775,0.540939808266541,70.997956938551,,,150000,baseline,private,
<SOURCE_VECSTRAIGHT_REPO>/hetzner-results/phase3_vecstraight_comm_history_factorial_without_comm_reduced_history_15seeds_hetzner_20260330par24/train/cond2_seed1414.pt,cond2,1414,0,9001,greedy,none,none,none,none,regime,mixed,18328,0.022288302051505893,4.222719336534264,0.0,16.890877346137056,,,150000,baseline,private,
<SOURCE_VECSTRAIGHT_REPO>/hetzner-results/phase3_vecstraight_comm_history_factorial_without_comm_reduced_history_15seeds_hetzner_20260330par24/train/cond2_seed1414.pt,cond2,1414,0,9001,greedy,none,none,none,none,f_value,0.500,5309,0.0,4.0,0.0,16.0,,,150000,baseline,private,
<SOURCE_VECSTRAIGHT_REPO>/hetzner-results/phase3_vecstraight_comm_history_factorial_without_comm_reduced_history_15seeds_hetzner_20260330par24/train/cond2_seed1414.pt,cond2,1414,0,9001,greedy,none,none,none,none,f_value,1.500,5852,0.0,4.0,0.0,16.0,,,150000,baseline,private,
<SOURCE_VECSTRAIGHT_REPO>/hetzner-results/phase3_vecstraight_comm_history_factorial_without_comm_reduced_history_15seeds_hetzner_20260330par24/train/cond2_seed1414.pt,cond2,1414,0,9001,greedy,none,none,none,none,f_value,2.500,6044,0.00012409000661813368,4.000744540039709,0.0,16.002978160158836,,,150000,baseline,private,
<SOURCE_VECSTRAIGHT_REPO>/hetzner-results/phase3_vecstraight_comm_history_factorial_without_comm_reduced_history_15seeds_hetzner_20260330par24/train/cond2_seed1414.pt,cond2,1414,0,9001,greedy,none,none,none,none,f_value,3.500,6432,0.06339396766169154,4.633939676616915,0.0,18.53575870646766,,,150000,baseline,private,
<SOURCE_VECSTRAIGHT_REPO>/hetzner-results/phase3_vecstraight_comm_history_factorial_without_comm_reduced_history_15seeds_hetzner_20260330par24/train/cond2_seed1414.pt,cond2,1414,0,9001,greedy,none,none,none,none,f_value,5.000,6363,0.8593430771648594,17.74948923463775,0.540939808266541,70.997956938551,,,150000,baseline,private,
<SOURCE_VECSTRAIGHT_REPO>/hetzner-results/phase3_vecstraight_comm_history_factorial_without_comm_reduced_history_15seeds_hetzner_20260330par24/train/cond2_seed1515.pt,cond2,1515,0,9001,greedy,none,none,none,none,regime,competitive,5309,0.0,4.0,0.0,16.0,,,150000,baseline,private,
<SOURCE_VECSTRAIGHT_REPO>/hetzner-results/phase3_vecstraight_comm_history_factorial_without_comm_reduced_history_15seeds_hetzner_20260330par24/train/cond2_seed1515.pt,cond2,1515,0,9001,greedy,none,none,none,none,regime,cooperative,6363,0.7731808895175232,16.37089423228037,0.19864843627219864,65.48357692912148,,,150000,baseline,private,
<SOURCE_VECSTRAIGHT_REPO>/hetzner-results/phase3_vecstraight_comm_history_factorial_without_comm_reduced_history_15seeds_hetzner_20260330par24/train/cond2_seed1515.pt,cond2,1515,0,9001,greedy,none,none,none,none,regime,mixed,18328,0.04423559580969009,4.440118943692711,0.0,17.760475774770843,,,150000,baseline,private,
<SOURCE_VECSTRAIGHT_REPO>/hetzner-results/phase3_vecstraight_comm_history_factorial_without_comm_reduced_history_15seeds_hetzner_20260330par24/train/cond2_seed1515.pt,cond2,1515,0,9001,greedy,none,none,none,none,f_value,0.500,5309,0.0,4.0,0.0,16.0,,,150000,baseline,private,
<SOURCE_VECSTRAIGHT_REPO>/hetzner-results/phase3_vecstraight_comm_history_factorial_without_comm_reduced_history_15seeds_hetzner_20260330par24/train/cond2_seed1515.pt,cond2,1515,0,9001,greedy,none,none,none,none,f_value,1.500,5852,4.2720437457279566e-05,4.000085440874915,0.0,16.00034176349966,,,150000,baseline,private,
<SOURCE_VECSTRAIGHT_REPO>/hetzner-results/phase3_vecstraight_comm_history_factorial_without_comm_reduced_history_15seeds_hetzner_20260330par24/train/cond2_seed1515.pt,cond2,1515,0,9001,greedy,none,none,none,none,f_value,2.500,6044,0.001613170086035738,4.009679020516215,0.0,16.03871608206486,,,150000,baseline,private,
<SOURCE_VECSTRAIGHT_REPO>/hetzner-results/phase3_vecstraight_comm_history_factorial_without_comm_reduced_history_15seeds_hetzner_20260330par24/train/cond2_seed1515.pt,cond2,1515,0,9001,greedy,none,none,none,none,f_value,3.500,6432,0.12449471393034826,5.244947139303482,0.0,20.97978855721393,,,150000,baseline,private,
<SOURCE_VECSTRAIGHT_REPO>/hetzner-results/phase3_vecstraight_comm_history_factorial_without_comm_reduced_history_15seeds_hetzner_20260330par24/train/cond2_seed1515.pt,cond2,1515,0,9001,greedy,none,none,none,none,f_value,5.000,6363,0.7731808895175232,16.37089423228037,0.19864843627219864,65.48357692912148,,,150000,baseline,private,
<SOURCE_VECSTRAIGHT_REPO>/hetzner-results/phase3_vecstraight_comm_history_factorial_without_comm_reduced_history_15seeds_hetzner_20260330par24/train/cond2_seed1616.pt,cond2,1616,0,9001,greedy,none,none,none,none,regime,competitive,5309,0.0016010548125824072,3.996797890374835,0.0,15.98719156149934,,,150000,baseline,private,
<SOURCE_VECSTRAIGHT_REPO>/hetzner-results/phase3_vecstraight_comm_history_factorial_without_comm_reduced_history_15seeds_hetzner_20260330par24/train/cond2_seed1616.pt,cond2,1616,0,9001,greedy,none,none,none,none,regime,cooperative,6363,0.8978469275498978,18.365550840798367,0.6438786735816439,73.46220336319347,,,150000,baseline,private,
<SOURCE_VECSTRAIGHT_REPO>/hetzner-results/phase3_vecstraight_comm_history_factorial_without_comm_reduced_history_15seeds_hetzner_20260330par24/train/cond2_seed1616.pt,cond2,1616,0,9001,greedy,none,none,none,none,regime,mixed,18328,0.025821147970318637,4.258047795722392,5.456132693147097e-05,17.03219118288957,,,150000,baseline,private,
<SOURCE_VECSTRAIGHT_REPO>/hetzner-results/phase3_vecstraight_comm_history_factorial_without_comm_reduced_history_15seeds_hetzner_20260330par24/train/cond2_seed1616.pt,cond2,1616,0,9001,greedy,none,none,none,none,f_value,0.500,5309,0.0016010548125824072,3.996797890374835,0.0,15.98719156149934,,,150000,baseline,private,
<SOURCE_VECSTRAIGHT_REPO>/hetzner-results/phase3_vecstraight_comm_history_factorial_without_comm_reduced_history_15seeds_hetzner_20260330par24/train/cond2_seed1616.pt,cond2,1616,0,9001,greedy,none,none,none,none,f_value,1.500,5852,0.0,4.0,0.0,16.0,,,150000,baseline,private,
<SOURCE_VECSTRAIGHT_REPO>/hetzner-results/phase3_vecstraight_comm_history_factorial_without_comm_reduced_history_15seeds_hetzner_20260330par24/train/cond2_seed1616.pt,cond2,1616,0,9001,greedy,none,none,none,none,f_value,2.500,6044,0.00012409000661813368,4.000744540039709,0.0,16.002978160158836,,,150000,baseline,private,
<SOURCE_VECSTRAIGHT_REPO>/hetzner-results/phase3_vecstraight_comm_history_factorial_without_comm_reduced_history_15seeds_hetzner_20260330par24/train/cond2_seed1616.pt,cond2,1616,0,9001,greedy,none,none,none,none,f_value,3.500,6432,0.07346082089552239,4.7346082089552235,0.0001554726368159204,18.938432835820894,,,150000,baseline,private,
<SOURCE_VECSTRAIGHT_REPO>/hetzner-results/phase3_vecstraight_comm_history_factorial_without_comm_reduced_history_15seeds_hetzner_20260330par24/train/cond2_seed1616.pt,cond2,1616,0,9001,greedy,none,none,none,none,f_value,5.000,6363,0.8978469275498978,18.365550840798367,0.6438786735816439,73.46220336319347,,,150000,baseline,private,
<SOURCE_VECSTRAIGHT_REPO>/hetzner-results/phase3_vecstraight_comm_history_factorial_without_comm_reduced_history_15seeds_hetzner_20260330par24/train/cond2_seed202.pt,cond2,202,0,9001,greedy,none,none,none,none,regime,competitive,5309,0.0,4.0,0.0,16.0,,,150000,baseline,private,
<SOURCE_VECSTRAIGHT_REPO>/hetzner-results/phase3_vecstraight_comm_history_factorial_without_comm_reduced_history_15seeds_hetzner_20260330par24/train/cond2_seed202.pt,cond2,202,0,9001,greedy,none,none,none,none,regime,cooperative,6363,0.8178925035360679,17.086280056577085,0.4046833254754047,68.34512022630834,,,150000,baseline,private,
<SOURCE_VECSTRAIGHT_REPO>/hetzner-results/phase3_vecstraight_comm_history_factorial_without_comm_reduced_history_15seeds_hetzner_20260330par24/train/cond2_seed202.pt,cond2,202,0,9001,greedy,none,none,none,none,regime,mixed,18328,0.01601374945438673,4.160028371890005,0.0,16.64011348756002,,,150000,baseline,private,
<SOURCE_VECSTRAIGHT_REPO>/hetzner-results/phase3_vecstraight_comm_history_factorial_without_comm_reduced_history_15seeds_hetzner_20260330par24/train/cond2_seed202.pt,cond2,202,0,9001,greedy,none,none,none,none,f_value,0.500,5309,0.0,4.0,0.0,16.0,,,150000,baseline,private,
<SOURCE_VECSTRAIGHT_REPO>/hetzner-results/phase3_vecstraight_comm_history_factorial_without_comm_reduced_history_15seeds_hetzner_20260330par24/train/cond2_seed202.pt,cond2,202,0,9001,greedy,none,none,none,none,f_value,1.500,5852,0.0,4.0,0.0,16.0,,,150000,baseline,private,
<SOURCE_VECSTRAIGHT_REPO>/hetzner-results/phase3_vecstraight_comm_history_factorial_without_comm_reduced_history_15seeds_hetzner_20260330par24/train/cond2_seed202.pt,cond2,202,0,9001,greedy,none,none,none,none,f_value,2.500,6044,8.272667107875579e-05,4.000496360026473,0.0,16.00198544010589,,,150000,baseline,private,
<SOURCE_VECSTRAIGHT_REPO>/hetzner-results/phase3_vecstraight_comm_history_factorial_without_comm_reduced_history_15seeds_hetzner_20260330par24/train/cond2_seed202.pt,cond2,202,0,9001,greedy,none,none,none,none,f_value,3.500,6432,0.045553482587064674,4.455534825870647,0.0,17.822139303482587,,,150000,baseline,private,
<SOURCE_VECSTRAIGHT_REPO>/hetzner-results/phase3_vecstraight_comm_history_factorial_without_comm_reduced_history_15seeds_hetzner_20260330par24/train/cond2_seed202.pt,cond2,202,0,9001,greedy,none,none,none,none,f_value,5.000,6363,0.8178925035360679,17.086280056577085,0.4046833254754047,68.34512022630834,,,150000,baseline,private,
<SOURCE_VECSTRAIGHT_REPO>/hetzner-results/phase3_vecstraight_comm_history_factorial_without_comm_reduced_history_15seeds_hetzner_20260330par24/train/cond2_seed303.pt,cond2,303,0,9001,greedy,none,none,none,none,regime,competitive,5309,0.0,4.0,0.0,16.0,,,150000,baseline,private,
<SOURCE_VECSTRAIGHT_REPO>/hetzner-results/phase3_vecstraight_comm_history_factorial_without_comm_reduced_history_15seeds_hetzner_20260330par24/train/cond2_seed303.pt,cond2,303,0,9001,greedy,none,none,none,none,regime,cooperative,6363,0.8074021687883074,16.91843470061292,0.4213421342134213,67.67373880245168,,,150000,baseline,private,
<SOURCE_VECSTRAIGHT_REPO>/hetzner-results/phase3_vecstraight_comm_history_factorial_without_comm_reduced_history_15seeds_hetzner_20260330par24/train/cond2_seed303.pt,cond2,303,0,9001,greedy,none,none,none,none,regime,mixed,18328,0.018864578786556088,4.188372981230904,0.0,16.753491924923615,,,150000,baseline,private,
<SOURCE_VECSTRAIGHT_REPO>/hetzner-results/phase3_vecstraight_comm_history_factorial_without_comm_reduced_history_15seeds_hetzner_20260330par24/train/cond2_seed303.pt,cond2,303,0,9001,greedy,none,none,none,none,f_value,0.500,5309,0.0,4.0,0.0,16.0,,,150000,baseline,private,
<SOURCE_VECSTRAIGHT_REPO>/hetzner-results/phase3_vecstraight_comm_history_factorial_without_comm_reduced_history_15seeds_hetzner_20260330par24/train/cond2_seed303.pt,cond2,303,0,9001,greedy,none,none,none,none,f_value,1.500,5852,0.0,4.0,0.0,16.0,,,150000,baseline,private,
<SOURCE_VECSTRAIGHT_REPO>/hetzner-results/phase3_vecstraight_comm_history_factorial_without_comm_reduced_history_15seeds_hetzner_20260330par24/train/cond2_seed303.pt,cond2,303,0,9001,greedy,none,none,none,none,f_value,2.500,6044,0.00020681667769688948,4.001240900066182,0.0,16.004963600264727,,,150000,baseline,private,
<SOURCE_VECSTRAIGHT_REPO>/hetzner-results/phase3_vecstraight_comm_history_factorial_without_comm_reduced_history_15seeds_hetzner_20260330par24/train/cond2_seed303.pt,cond2,303,0,9001,greedy,none,none,none,none,f_value,3.500,6432,0.05356032338308458,4.535603233830845,0.0,18.14241293532338,,,150000,baseline,private,
<SOURCE_VECSTRAIGHT_REPO>/hetzner-results/phase3_vecstraight_comm_history_factorial_without_comm_reduced_history_15seeds_hetzner_20260330par24/train/cond2_seed303.pt,cond2,303,0,9001,greedy,none,none,none,none,f_value,5.000,6363,0.8074021687883074,16.91843470061292,0.4213421342134213,67.67373880245168,,,150000,baseline,private,
<SOURCE_VECSTRAIGHT_REPO>/hetzner-results/phase3_vecstraight_comm_history_factorial_without_comm_reduced_history_15seeds_hetzner_20260330par24/train/cond2_seed404.pt,cond2,404,0,9001,greedy,none,none,none,none,regime,competitive,5309,0.0,4.0,0.0,16.0,,,150000,baseline,private,
<SOURCE_VECSTRAIGHT_REPO>/hetzner-results/phase3_vecstraight_comm_history_factorial_without_comm_reduced_history_15seeds_hetzner_20260330par24/train/cond2_seed404.pt,cond2,404,0,9001,greedy,none,none,none,none,regime,cooperative,6363,0.689022473675939,15.024359578815025,0.07512179789407512,60.0974383152601,,,150000,baseline,private,
<SOURCE_VECSTRAIGHT_REPO>/hetzner-results/phase3_vecstraight_comm_history_factorial_without_comm_reduced_history_15seeds_hetzner_20260330par24/train/cond2_seed404.pt,cond2,404,0,9001,greedy,none,none,none,none,regime,mixed,18328,0.014486032300305544,4.144805761676124,0.0,16.579223046704495,,,150000,baseline,private,
<SOURCE_VECSTRAIGHT_REPO>/hetzner-results/phase3_vecstraight_comm_history_factorial_without_comm_reduced_history_15seeds_hetzner_20260330par24/train/cond2_seed404.pt,cond2,404,0,9001,greedy,none,none,none,none,f_value,0.500,5309,0.0,4.0,0.0,16.0,,,150000,baseline,private,
<SOURCE_VECSTRAIGHT_REPO>/hetzner-results/phase3_vecstraight_comm_history_factorial_without_comm_reduced_history_15seeds_hetzner_20260330par24/train/cond2_seed404.pt,cond2,404,0,9001,greedy,none,none,none,none,f_value,1.500,5852,0.0,4.0,0.0,16.0,,,150000,baseline,private,
<SOURCE_VECSTRAIGHT_REPO>/hetzner-results/phase3_vecstraight_comm_history_factorial_without_comm_reduced_history_15seeds_hetzner_20260330par24/train/cond2_seed404.pt,cond2,404,0,9001,greedy,none,none,none,none,f_value,2.500,6044,4.1363335539377896e-05,4.000248180013236,0.0,16.000992720052945,,,150000,baseline,private,
<SOURCE_VECSTRAIGHT_REPO>/hetzner-results/phase3_vecstraight_comm_history_factorial_without_comm_reduced_history_15seeds_hetzner_20260330par24/train/cond2_seed404.pt,cond2,404,0,9001,greedy,none,none,none,none,f_value,3.500,6432,0.04123911691542288,4.412391169154229,0.0,17.649564676616915,,,150000,baseline,private,
<SOURCE_VECSTRAIGHT_REPO>/hetzner-results/phase3_vecstraight_comm_history_factorial_without_comm_reduced_history_15seeds_hetzner_20260330par24/train/cond2_seed404.pt,cond2,404,0,9001,greedy,none,none,none,none,f_value,5.000,6363,0.689022473675939,15.024359578815025,0.07512179789407512,60.0974383152601,,,150000,baseline,private,
<SOURCE_VECSTRAIGHT_REPO>/hetzner-results/phase3_vecstraight_comm_history_factorial_without_comm_reduced_history_15seeds_hetzner_20260330par24/train/cond2_seed505.pt,cond2,505,0,9001,greedy,none,none,none,none,regime,competitive,5309,0.0007534375588623093,3.9984931248822755,0.0,15.993972499529102,,,150000,baseline,private,
<SOURCE_VECSTRAIGHT_REPO>/hetzner-results/phase3_vecstraight_comm_history_factorial_without_comm_reduced_history_15seeds_hetzner_20260330par24/train/cond2_seed505.pt,cond2,505,0,9001,greedy,none,none,none,none,regime,cooperative,6363,0.9482948294829483,19.172717271727173,0.8104667609618105,76.69086908690869,,,150000,baseline,private,
<SOURCE_VECSTRAIGHT_REPO>/hetzner-results/phase3_vecstraight_comm_history_factorial_without_comm_reduced_history_15seeds_hetzner_20260330par24/train/cond2_seed505.pt,cond2,505,0,9001,greedy,none,none,none,none,regime,mixed,18328,0.030254255783500654,4.302215189873418,5.456132693147097e-05,17.20886075949367,,,150000,baseline,private,
<SOURCE_VECSTRAIGHT_REPO>/hetzner-results/phase3_vecstraight_comm_history_factorial_without_comm_reduced_history_15seeds_hetzner_20260330par24/train/cond2_seed505.pt,cond2,505,0,9001,greedy,none,none,none,none,f_value,0.500,5309,0.0007534375588623093,3.9984931248822755,0.0,15.993972499529102,,,150000,baseline,private,
<SOURCE_VECSTRAIGHT_REPO>/hetzner-results/phase3_vecstraight_comm_history_factorial_without_comm_reduced_history_15seeds_hetzner_20260330par24/train/cond2_seed505.pt,cond2,505,0,9001,greedy,none,none,none,none,f_value,1.500,5852,0.0,4.0,0.0,16.0,,,150000,baseline,private,
<SOURCE_VECSTRAIGHT_REPO>/hetzner-results/phase3_vecstraight_comm_history_factorial_without_comm_reduced_history_15seeds_hetzner_20260330par24/train/cond2_seed505.pt,cond2,505,0,9001,greedy,none,none,none,none,f_value,2.500,6044,0.00024818001323626736,4.001489080079417,0.0,16.00595632031767,,,150000,baseline,private,
<SOURCE_VECSTRAIGHT_REPO>/hetzner-results/phase3_vecstraight_comm_history_factorial_without_comm_reduced_history_15seeds_hetzner_20260330par24/train/cond2_seed505.pt,cond2,505,0,9001,greedy,none,none,none,none,f_value,3.500,6432,0.08597636815920398,4.85976368159204,0.0001554726368159204,19.43905472636816,,,150000,baseline,private,
<SOURCE_VECSTRAIGHT_REPO>/hetzner-results/phase3_vecstraight_comm_history_factorial_without_comm_reduced_history_15seeds_hetzner_20260330par24/train/cond2_seed505.pt,cond2,505,0,9001,greedy,none,none,none,none,f_value,5.000,6363,0.9482948294829483,19.172717271727173,0.8104667609618105,76.69086908690869,,,150000,baseline,private,
<SOURCE_VECSTRAIGHT_REPO>/hetzner-results/phase3_vecstraight_comm_history_factorial_without_comm_reduced_history_15seeds_hetzner_20260330par24/train/cond2_seed606.pt,cond2,606,0,9001,greedy,none,none,none,none,regime,competitive,5309,9.417969485778867e-05,3.9998116406102846,0.0,15.999246562441138,,,150000,baseline,private,
<SOURCE_VECSTRAIGHT_REPO>/hetzner-results/phase3_vecstraight_comm_history_factorial_without_comm_reduced_history_15seeds_hetzner_20260330par24/train/cond2_seed606.pt,cond2,606,0,9001,greedy,none,none,none,none,regime,cooperative,6363,0.8855099795693855,18.168159673110168,0.6135470689926136,72.67263869244067,,,150000,baseline,private,
<SOURCE_VECSTRAIGHT_REPO>/hetzner-results/phase3_vecstraight_comm_history_factorial_without_comm_reduced_history_15seeds_hetzner_20260330par24/train/cond2_seed606.pt,cond2,606,0,9001,greedy,none,none,none,none,regime,mixed,18328,0.017009493670886076,4.170040375381929,0.0,16.680161501527717,,,150000,baseline,private,
<SOURCE_VECSTRAIGHT_REPO>/hetzner-results/phase3_vecstraight_comm_history_factorial_without_comm_reduced_history_15seeds_hetzner_20260330par24/train/cond2_seed606.pt,cond2,606,0,9001,greedy,none,none,none,none,f_value,0.500,5309,9.417969485778867e-05,3.9998116406102846,0.0,15.999246562441138,,,150000,baseline,private,
<SOURCE_VECSTRAIGHT_REPO>/hetzner-results/phase3_vecstraight_comm_history_factorial_without_comm_reduced_history_15seeds_hetzner_20260330par24/train/cond2_seed606.pt,cond2,606,0,9001,greedy,none,none,none,none,f_value,1.500,5852,0.0,4.0,0.0,16.0,,,150000,baseline,private,
<SOURCE_VECSTRAIGHT_REPO>/hetzner-results/phase3_vecstraight_comm_history_factorial_without_comm_reduced_history_15seeds_hetzner_20260330par24/train/cond2_seed606.pt,cond2,606,0,9001,greedy,none,none,none,none,f_value,2.500,6044,4.1363335539377896e-05,4.000248180013236,0.0,16.000992720052945,,,150000,baseline,private,
<SOURCE_VECSTRAIGHT_REPO>/hetzner-results/phase3_vecstraight_comm_history_factorial_without_comm_reduced_history_15seeds_hetzner_20260330par24/train/cond2_seed606.pt,cond2,606,0,9001,greedy,none,none,none,none,f_value,3.500,6432,0.048429726368159204,4.484297263681592,0.0,17.937189054726367,,,150000,baseline,private,
<SOURCE_VECSTRAIGHT_REPO>/hetzner-results/phase3_vecstraight_comm_history_factorial_without_comm_reduced_history_15seeds_hetzner_20260330par24/train/cond2_seed606.pt,cond2,606,0,9001,greedy,none,none,none,none,f_value,5.000,6363,0.8855099795693855,18.168159673110168,0.6135470689926136,72.67263869244067,,,150000,baseline,private,
<SOURCE_VECSTRAIGHT_REPO>/hetzner-results/phase3_vecstraight_comm_history_factorial_without_comm_reduced_history_15seeds_hetzner_20260330par24/train/cond2_seed707.pt,cond2,707,0,9001,greedy,none,none,none,none,regime,competitive,5309,0.0005179883217178376,3.998964023356564,0.0,15.995856093426257,,,150000,baseline,private,
<SOURCE_VECSTRAIGHT_REPO>/hetzner-results/phase3_vecstraight_comm_history_factorial_without_comm_reduced_history_15seeds_hetzner_20260330par24/train/cond2_seed707.pt,cond2,707,0,9001,greedy,none,none,none,none,regime,cooperative,6363,0.9245638849599246,18.79302215935879,0.7289014615747289,75.17208863743517,,,150000,baseline,private,
<SOURCE_VECSTRAIGHT_REPO>/hetzner-results/phase3_vecstraight_comm_history_factorial_without_comm_reduced_history_15seeds_hetzner_20260330par24/train/cond2_seed707.pt,cond2,707,0,9001,greedy,none,none,none,none,regime,mixed,18328,0.02556198166739415,4.255456132693147,5.456132693147097e-05,17.021824530772587,,,150000,baseline,private,
<SOURCE_VECSTRAIGHT_REPO>/hetzner-results/phase3_vecstraight_comm_history_factorial_without_comm_reduced_history_15seeds_hetzner_20260330par24/train/cond2_seed707.pt,cond2,707,0,9001,greedy,none,none,none,none,f_value,0.500,5309,0.0005179883217178376,3.998964023356564,0.0,15.995856093426257,,,150000,baseline,private,
<SOURCE_VECSTRAIGHT_REPO>/hetzner-results/phase3_vecstraight_comm_history_factorial_without_comm_reduced_history_15seeds_hetzner_20260330par24/train/cond2_seed707.pt,cond2,707,0,9001,greedy,none,none,none,none,f_value,1.500,5852,0.0,4.0,0.0,16.0,,,150000,baseline,private,
<SOURCE_VECSTRAIGHT_REPO>/hetzner-results/phase3_vecstraight_comm_history_factorial_without_comm_reduced_history_15seeds_hetzner_20260330par24/train/cond2_seed707.pt,cond2,707,0,9001,greedy,none,none,none,none,f_value,2.500,6044,0.00012409000661813368,4.000744540039709,0.0,16.002978160158836,,,150000,baseline,private,
<SOURCE_VECSTRAIGHT_REPO>/hetzner-results/phase3_vecstraight_comm_history_factorial_without_comm_reduced_history_15seeds_hetzner_20260330par24/train/cond2_seed707.pt,cond2,707,0,9001,greedy,none,none,none,none,f_value,3.500,6432,0.07272232587064677,4.727223258706467,0.0001554726368159204,18.90889303482587,,,150000,baseline,private,
<SOURCE_VECSTRAIGHT_REPO>/hetzner-results/phase3_vecstraight_comm_history_factorial_without_comm_reduced_history_15seeds_hetzner_20260330par24/train/cond2_seed707.pt,cond2,707,0,9001,greedy,none,none,none,none,f_value,5.000,6363,0.9245638849599246,18.79302215935879,0.7289014615747289,75.17208863743517,,,150000,baseline,private,
<SOURCE_VECSTRAIGHT_REPO>/hetzner-results/phase3_vecstraight_comm_history_factorial_without_comm_reduced_history_15seeds_hetzner_20260330par24/train/cond2_seed808.pt,cond2,808,0,9001,greedy,none,none,none,none,regime,competitive,5309,4.708984742889433e-05,3.999905820305142,0.0,15.999623281220568,,,150000,baseline,private,
<SOURCE_VECSTRAIGHT_REPO>/hetzner-results/phase3_vecstraight_comm_history_factorial_without_comm_reduced_history_15seeds_hetzner_20260330par24/train/cond2_seed808.pt,cond2,808,0,9001,greedy,none,none,none,none,regime,cooperative,6363,0.6039603960396039,13.663366336633663,0.00015715857300015716,54.65346534653465,,,150000,baseline,private,
<SOURCE_VECSTRAIGHT_REPO>/hetzner-results/phase3_vecstraight_comm_history_factorial_without_comm_reduced_history_15seeds_hetzner_20260330par24/train/cond2_seed808.pt,cond2,808,0,9001,greedy,none,none,none,none,regime,mixed,18328,0.014731558271497162,4.147097337407246,0.0,16.588389349628983,,,150000,baseline,private,
<SOURCE_VECSTRAIGHT_REPO>/hetzner-results/phase3_vecstraight_comm_history_factorial_without_comm_reduced_history_15seeds_hetzner_20260330par24/train/cond2_seed808.pt,cond2,808,0,9001,greedy,none,none,none,none,f_value,0.500,5309,4.708984742889433e-05,3.999905820305142,0.0,15.999623281220568,,,150000,baseline,private,
<SOURCE_VECSTRAIGHT_REPO>/hetzner-results/phase3_vecstraight_comm_history_factorial_without_comm_reduced_history_15seeds_hetzner_20260330par24/train/cond2_seed808.pt,cond2,808,0,9001,greedy,none,none,none,none,f_value,1.500,5852,0.0,4.0,0.0,16.0,,,150000,baseline,private,
<SOURCE_VECSTRAIGHT_REPO>/hetzner-results/phase3_vecstraight_comm_history_factorial_without_comm_reduced_history_15seeds_hetzner_20260330par24/train/cond2_seed808.pt,cond2,808,0,9001,greedy,none,none,none,none,f_value,2.500,6044,0.00016545334215751158,4.000992720052945,0.0,16.00397088021178,,,150000,baseline,private,
<SOURCE_VECSTRAIGHT_REPO>/hetzner-results/phase3_vecstraight_comm_history_factorial_without_comm_reduced_history_15seeds_hetzner_20260330par24/train/cond2_seed808.pt,cond2,808,0,9001,greedy,none,none,none,none,f_value,3.500,6432,0.04182213930348259,4.418221393034826,0.0,17.672885572139304,,,150000,baseline,private,
<SOURCE_VECSTRAIGHT_REPO>/hetzner-results/phase3_vecstraight_comm_history_factorial_without_comm_reduced_history_15seeds_hetzner_20260330par24/train/cond2_seed808.pt,cond2,808,0,9001,greedy,none,none,none,none,f_value,5.000,6363,0.6039603960396039,13.663366336633663,0.00015715857300015716,54.65346534653465,,,150000,baseline,private,
<SOURCE_VECSTRAIGHT_REPO>/hetzner-results/phase3_vecstraight_comm_history_factorial_without_comm_reduced_history_15seeds_hetzner_20260330par24/train/cond2_seed909.pt,cond2,909,0,9001,greedy,none,none,none,none,regime,competitive,5309,0.0,4.0,0.0,16.0,,,150000,baseline,private,
<SOURCE_VECSTRAIGHT_REPO>/hetzner-results/phase3_vecstraight_comm_history_factorial_without_comm_reduced_history_15seeds_hetzner_20260330par24/train/cond2_seed909.pt,cond2,909,0,9001,greedy,none,none,none,none,regime,cooperative,6363,0.6430535910733931,14.28885745717429,0.0,57.15542982869716,,,150000,baseline,private,
<SOURCE_VECSTRAIGHT_REPO>/hetzner-results/phase3_vecstraight_comm_history_factorial_without_comm_reduced_history_15seeds_hetzner_20260330par24/train/cond2_seed909.pt,cond2,909,0,9001,greedy,none,none,none,none,regime,mixed,18328,0.015386294194674814,4.153590135312091,0.0,16.614360541248363,,,150000,baseline,private,
<SOURCE_VECSTRAIGHT_REPO>/hetzner-results/phase3_vecstraight_comm_history_factorial_without_comm_reduced_history_15seeds_hetzner_20260330par24/train/cond2_seed909.pt,cond2,909,0,9001,greedy,none,none,none,none,f_value,0.500,5309,0.0,4.0,0.0,16.0,,,150000,baseline,private,
<SOURCE_VECSTRAIGHT_REPO>/hetzner-results/phase3_vecstraight_comm_history_factorial_without_comm_reduced_history_15seeds_hetzner_20260330par24/train/cond2_seed909.pt,cond2,909,0,9001,greedy,none,none,none,none,f_value,1.500,5852,0.0,4.0,0.0,16.0,,,150000,baseline,private,
<SOURCE_VECSTRAIGHT_REPO>/hetzner-results/phase3_vecstraight_comm_history_factorial_without_comm_reduced_history_15seeds_hetzner_20260330par24/train/cond2_seed909.pt,cond2,909,0,9001,greedy,none,none,none,none,f_value,2.500,6044,0.00020681667769688948,4.001240900066182,0.0,16.004963600264727,,,150000,baseline,private,
<SOURCE_VECSTRAIGHT_REPO>/hetzner-results/phase3_vecstraight_comm_history_factorial_without_comm_reduced_history_15seeds_hetzner_20260330par24/train/cond2_seed909.pt,cond2,909,0,9001,greedy,none,none,none,none,f_value,3.500,6432,0.04364894278606965,4.436489427860696,0.0,17.745957711442784,,,150000,baseline,private,
<SOURCE_VECSTRAIGHT_REPO>/hetzner-results/phase3_vecstraight_comm_history_factorial_without_comm_reduced_history_15seeds_hetzner_20260330par24/train/cond2_seed909.pt,cond2,909,0,9001,greedy,none,none,none,none,f_value,5.000,6363,0.6430535910733931,14.28885745717429,0.0,57.15542982869716,,,150000,baseline,private,
