rule_name,receiver_seed,f_value,n_donors,predicted_coop_rate_mean,natural_coop_rate,sender_shuffle_coop_rate,public_random_coop_rate,identity_coop_rate_mean,flipall_coop_rate_mean,best_aligned_coop_rate_mean,predicted_minus_natural_mean,predicted_minus_sender_shuffle_mean,predicted_minus_public_random_mean,predicted_minus_identity_mean,predicted_minus_flipall_mean,predicted_minus_best_aligned_mean
majority_slot_sign,101,3.500,14,0.8368886725303012,0.8640041960137866,0.8782032069533942,0.9287411899688572,0.8494309247416031,0.8907178074732135,0.919532055255568,-0.027115523483485775,-0.04131453442309318,-0.09185251743855648,-0.01254225221130188,-0.05382913494291253,-0.08264338272526706
majority_slot_sign,101,5.000,14,0.981637189769538,0.9938313334460033,0.9856768632753087,0.998329335161069,0.9850385988175633,0.983922338106049,0.9960259041062695,-0.012194143676465033,-0.004039673505770439,-0.016692145391531236,-0.0034014090480254467,-0.002285148336510945,-0.014388714336731476
majority_slot_sign,202,3.500,14,0.9091311473498782,0.9404690543983213,0.9387831560017984,0.9316095722012784,0.9023772590037967,0.9001166046443554,0.9347637766972167,-0.031337907048443595,-0.029652008651920265,-0.022478424851400464,0.006753888346081237,0.00901454270552279,-0.025632629347338565
majority_slot_sign,202,5.000,14,0.8886957539404688,0.8612050025350685,0.8868091938482338,0.9919037011651817,0.9135689906764332,0.9117362916826449,0.964019407927881,0.027490751405400384,0.0018865600922350029,-0.10320794722471281,-0.02487323673596446,-0.023040537742176133,-0.07532365398741206
majority_slot_sign,303,3.500,14,0.9076198520283497,0.9106099205754533,0.8596583245916379,0.8331421078511719,0.8929470302437391,0.8515461451855939,0.9302772228413246,-0.002990068547103732,0.04796152743671165,0.07447774417717766,0.014672821784610577,0.05607370684275575,-0.02265737081297495
majority_slot_sign,303,5.000,14,0.9798351672582648,0.9730015210410681,0.9151174581713702,0.9802947224126116,0.957461447846171,0.9657120155772139,0.9895677302705804,0.006833646217196827,0.06471770908689432,-0.0004595551543464963,0.022373719412093818,0.01412315168105105,-0.00973256301231558
majority_slot_sign,404,3.500,14,0.8601098268469195,0.7533343323842348,0.8489060392627005,0.8334699229634487,0.806162962066905,0.874614897339119,0.8901894551938051,0.10677549446268464,0.011203787584219123,0.02663990388347102,0.05394686478001452,-0.014505070492199417,-0.030079628346885608
majority_slot_sign,404,5.000,14,0.9087702760265979,0.7871387527463244,0.9197228325164778,0.8177261823166552,0.8797529517958864,0.895169971925607,0.9240407244099191,0.12163152328027375,-0.010952556489879996,0.09104409370994267,0.029017324230711485,0.01360030410099085,-0.015270448383321145
majority_slot_sign,505,3.500,14,0.8536484561751816,0.8941630451071484,0.812603027124232,0.8075315522045566,0.8386779178433995,0.8507806827640937,0.894793808380834,-0.040514588931966584,0.04104542905094965,0.04611690397062495,0.014970538331782048,0.0028677734110879594,-0.04114535220565237
majority_slot_sign,505,5.000,14,0.9856133467444332,0.984071319925638,0.9798884569883389,0.9847069910897873,0.9746731102411937,0.989894981958574,0.9932863323935287,0.0015420268187952121,0.0057248897560945155,0.0009063556546456805,0.010940236503239562,-0.00428163521414064,-0.007672985649095354
majority_slot_sign,606,3.500,14,0.5287037063066465,0.5634272441180881,0.45995054698036864,0.5254466480904769,0.47956629678118146,0.5332000216285268,0.5622944431127966,-0.03472353781144128,0.06875315932627794,0.003257058216169665,0.04913740952546507,-0.0044963153218801465,-0.03359073680614995
majority_slot_sign,606,5.000,14,0.9814706031461295,0.9847895893189113,0.9830150414061177,0.9828221384509935,0.9756194829811268,0.9852685900076751,0.9904473540277708,-0.0033189861727821934,-0.0015444382599885595,-0.0013515353048644738,0.0058511201650028,-0.003797986861545699,-0.008976750881641404
majority_slot_sign,707,3.500,14,0.8817393529870838,0.880263749438034,0.9014311404166045,0.9428372397967545,0.8805037089095826,0.9058446359791166,0.920985010213755,0.001475603549049988,-0.019691787429520356,-0.061097886809670744,0.0012356440775012714,-0.024105282992032667,-0.03924565722667104
majority_slot_sign,707,5.000,14,0.9901504061212361,0.9295673483184045,0.9706354571573429,0.9998714873200819,0.9909927370049149,0.9883892205735475,0.9961916008845735,0.06058305780283145,0.019514948963892813,-0.009721081198846198,-0.0008423308836787911,0.0017611855476885121,-0.006041194763337421
majority_slot_sign,808,3.500,14,0.620391690255767,0.7361007043308857,0.5598306608721713,0.6008031470250776,0.6323035036950417,0.5769529491724431,0.6817292396502933,-0.11570901407511859,0.06056102938359561,0.01958854323068923,-0.011911813439274757,0.04343874108332402,-0.06133754939452628
majority_slot_sign,808,5.000,14,0.7797696239176661,0.8688524590163934,0.7512252830826432,0.6990233036326251,0.7776203710532918,0.7605866859929602,0.837928810115428,-0.08908283509872716,0.02854434083502298,0.08074632028504114,0.0021492528643742926,0.019182937924705972,-0.058159186197761725
majority_slot_sign,909,3.500,14,0.757785499201886,0.8388281132923723,0.7653229432039563,0.6162924110801508,0.7410868594605626,0.7111134994787667,0.7745708509178796,-0.08104261409048612,-0.007537444002070055,0.14149308812173542,0.016698639741323407,0.0466719997231194,-0.016785351715993577
majority_slot_sign,909,5.000,14,0.8854042773542087,0.9645090417441272,0.8852881527801254,0.7979780671692941,0.8209747189703709,0.8645837798550906,0.9014827847881851,-0.07910476438991834,0.0001161245740837123,0.08742621018491468,0.0644295583838378,0.020820497499118025,-0.01607850743397638
majority_slot_sign,1111,3.500,14,0.479628286313022,0.5863929267196165,0.40023227933463207,0.4633666612030814,0.4323296300551229,0.47896825832975315,0.541619175380949,-0.10676464040659431,0.07939600697838997,0.016261625109940638,0.04729865625789923,0.0006600279832688508,-0.061990889067926935
majority_slot_sign,1111,5.000,14,0.6741890702747979,0.7139175257731959,0.5786716241338519,0.6320681973954764,0.6536129787020476,0.6743027441684969,0.7397444436612745,-0.03972845549839789,0.09551744614094636,0.04212087287932163,0.020576091572750376,-0.00011367389369892503,-0.06555537338647618
majority_slot_sign,1212,3.500,14,0.700710360431721,0.7794470253259403,0.7426195114641091,0.6875512211112931,0.7294466917022963,0.6954746390776256,0.7534271720457414,-0.07873666489421945,-0.04190915103238818,0.013159139320427726,-0.028736331270575313,0.005235721354095295,-0.05271681161402041
majority_slot_sign,1212,5.000,14,0.910390678184141,0.8335305053236438,0.9170187595065064,0.8485692254969158,0.898136069201276,0.9304013999160957,0.9412226598668704,0.07686017286049725,-0.006628081322365753,0.06182145268722522,0.012254608982865012,-0.020010721731954766,-0.03083198168272938
majority_slot_sign,1313,3.500,14,0.8321205771056895,0.7564064139067883,0.7759628353064586,0.953081462055401,0.8167512385161093,0.8018930684004113,0.8683381705469081,0.07571416319890109,0.0561577417992308,-0.12096088494971116,0.015369338589580228,0.030227508705278246,-0.03621759344121855
majority_slot_sign,1313,5.000,14,0.9040497685538035,0.9349754943383474,0.8248690214635795,0.8680174777244686,0.9054249109940763,0.85834461425833,0.9262913890488162,-0.03092572578454355,0.07918074709022405,0.0360322908293348,-0.0013751424402725523,0.0457051542954736,-0.02224162049501269
majority_slot_sign,1414,3.500,14,0.7865802466422667,0.9097482391727857,0.8301363704480741,0.6098180626126865,0.7070778861286942,0.790908619671428,0.8300038741039293,-0.12316799253051917,-0.043556123805807694,0.17676218402958016,0.07950236051357241,-0.004328373029161321,-0.04342362746166263
majority_slot_sign,1414,5.000,14,0.9454083033699565,0.9959861416258241,0.948960621936792,0.9150102810143933,0.9067770964251594,0.9292565065617675,0.9619693818716606,-0.05057783825586728,-0.003552318566835712,0.03039802235556319,0.038631206944797256,0.016151796808188974,-0.016561078501703994
majority_slot_sign,1515,3.500,14,0.5944591597268906,0.790986063239922,0.5499400569459015,0.5639239468939518,0.5993029133991454,0.6616278000896264,0.7061174575740937,-0.19652690351303148,0.04451910278098915,0.030535212832938707,-0.004843753672254877,-0.06716864036273586,-0.11165829784720298
majority_slot_sign,1515,5.000,14,0.7953038990676295,0.8536842994760859,0.7374514111881022,0.735263879369431,0.80113594723737,0.8187197512086433,0.8490348827234419,-0.05838040040845629,0.05785248787952744,0.06004001969819837,-0.00583204816974047,-0.023415852141013747,-0.053730983655812435
majority_slot_sign,1616,3.500,14,0.39272854471888063,0.44702532594035654,0.26554772965682594,0.36219472217669235,0.38664743369353655,0.3930482634100817,0.46358543016240733,-0.05429678122147603,0.12718081506205464,0.030533822542188276,0.006081111025344096,-0.000319718691201089,-0.07085688544352668
majority_slot_sign,1616,5.000,14,0.8258811420735351,0.8475156329220889,0.833403751901301,0.7641792323509253,0.810731831687767,0.8512019875991231,0.8861435661850753,-0.021634490848553806,-0.0075226098277662735,0.061701909722609735,0.015149310385768175,-0.025320845525588036,-0.06026242411154016
seed_mean_sign,101,3.500,14,0.8564247237460805,0.8640041960137866,0.8782032069533942,0.9287411899688572,0.8494309247416031,0.8907178074732135,0.919532055255568,-0.007579472267706293,-0.0217784832073137,-0.072316466222777,0.0069937990044776,-0.03429308372713304,-0.06310733150948757
seed_mean_sign,101,5.000,14,0.9819642460298121,0.9938313334460033,0.9856768632753087,0.998329335161069,0.9850385988175633,0.983922338106049,0.9960259041062695,-0.011867087416190787,-0.003712617245496192,-0.016365089131256987,-0.0030743527877512,-0.001958092076236698,-0.01406165807645723
seed_mean_sign,202,3.500,14,0.8974184430689423,0.9404690543983213,0.9387831560017984,0.9316095722012784,0.9023772590037967,0.9001166046443554,0.9347637766972167,-0.04305061132937941,-0.041364712932856075,-0.034191129132336275,-0.004958815934854572,-0.0026981615754130195,-0.03734533362827437
seed_mean_sign,202,5.000,14,0.9372319797460016,0.8612050025350685,0.8868091938482338,0.9919037011651817,0.9135689906764332,0.9117362916826449,0.964019407927881,0.07602697721093321,0.050422785897767816,-0.05467172141917999,0.02366298906956835,0.025495688063356677,-0.02678742818187926
seed_mean_sign,303,3.500,14,0.851784133056607,0.9106099205754533,0.8596583245916379,0.8331421078511719,0.8929470302437391,0.8515461451855939,0.9302772228413246,-0.05882578751884635,-0.00787419153503097,0.018642025205435033,-0.04116289718713204,0.0002379878710131297,-0.07849308978471757
seed_mean_sign,303,5.000,14,0.9498982665241732,0.9730015210410681,0.9151174581713702,0.9802947224126116,0.957461447846171,0.9657120155772139,0.9895677302705804,-0.023103254516894916,0.034780808352802575,-0.03039645588843824,-0.007563181321997926,-0.015813749053040695,-0.03966946374640733
seed_mean_sign,404,3.500,14,0.8483566423657857,0.7533343323842348,0.8489060392627005,0.8334699229634487,0.806162962066905,0.874614897339119,0.8901894551938051,0.09502230998155084,-0.000549396896914681,0.01488671940233722,0.042193680298880716,-0.02625825497333322,-0.041832812828019414
seed_mean_sign,404,5.000,14,0.9122356050577005,0.7871387527463244,0.9197228325164778,0.8177261823166552,0.8797529517958864,0.895169971925607,0.9240407244099191,0.12509685231137638,-0.007487227458777382,0.09450942274104526,0.0324826532618141,0.017065633132093465,-0.011805119352218531
seed_mean_sign,505,3.500,14,0.8454631087536005,0.8941630451071484,0.812603027124232,0.8075315522045566,0.8386779178433995,0.8507806827640937,0.894793808380834,-0.04869993635354773,0.0328600816293685,0.0379315565490438,0.006785190910200903,-0.005317574010493186,-0.04933069962723352
seed_mean_sign,505,5.000,14,0.9888670378616476,0.984071319925638,0.9798884569883389,0.9847069910897873,0.9746731102411937,0.989894981958574,0.9932863323935287,0.004795717936009548,0.008978580873308852,0.004160046771860017,0.014193927620453897,-0.0010279440969263032,-0.004419294531881017
seed_mean_sign,606,3.500,14,0.5013078426512757,0.5634272441180881,0.45995054698036864,0.5254466480904769,0.47956629678118146,0.5332000216285268,0.5622944431127966,-0.06211940146681203,0.04135729567090719,-0.024138805439201088,0.02174154587009432,-0.031892178977250905,-0.06098660046152071
seed_mean_sign,606,5.000,14,0.9744517224916782,0.9847895893189113,0.9830150414061177,0.9828221384509935,0.9756194829811268,0.9852685900076751,0.9904473540277708,-0.010337866827233335,-0.008563318914439701,-0.008370415959315616,-0.001167760489448341,-0.01081686751599684,-0.015995631536092545
seed_mean_sign,707,3.500,14,0.8945465184384057,0.880263749438034,0.9014311404166045,0.9428372397967545,0.8805037089095826,0.9058446359791166,0.920985010213755,0.014282769000371691,-0.006884621978198653,-0.04829072135834904,0.014042809528822975,-0.011298117540710964,-0.02643849177534933
seed_mean_sign,707,5.000,14,0.9866731208608447,0.9295673483184045,0.9706354571573429,0.9998714873200819,0.9909927370049149,0.9883892205735475,0.9961916008845735,0.05710577254244017,0.01603766370350154,-0.013198366459237474,-0.004319616144070068,-0.0017160997127027647,-0.009518480023728697
seed_mean_sign,808,3.500,14,0.5929443621071524,0.7361007043308857,0.5598306608721713,0.6008031470250776,0.6323035036950417,0.5769529491724431,0.6817292396502933,-0.14315634222373325,0.03311370123498096,-0.007858784917925422,-0.03935914158788941,0.015991412934709365,-0.08878487754314092
seed_mean_sign,808,5.000,14,0.763737371311939,0.8688524590163934,0.7512252830826432,0.6990233036326251,0.7776203710532918,0.7605866859929602,0.837928810115428,-0.10511508770445456,0.0125120882292956,0.06471406767931374,-0.013882999741353088,0.0031506853189785917,-0.07419143880348911
seed_mean_sign,909,3.500,14,0.7437632027380757,0.8388281132923723,0.7653229432039563,0.6162924110801508,0.7410868594605626,0.7111134994787667,0.7745708509178796,-0.09506491055429646,-0.02155974046588039,0.1274707916579251,0.0026763432775130697,0.03264970325930906,-0.030807648179803915
seed_mean_sign,909,5.000,14,0.8985013863207945,0.9645090417441272,0.8852881527801254,0.7979780671692941,0.8209747189703709,0.8645837798550906,0.9014827847881851,-0.06600765542333256,0.013213233540669469,0.10052331915150045,0.07752666735042357,0.033917606465703784,-0.0029813984673906263
seed_mean_sign,1111,3.500,14,0.4839676712607748,0.5863929267196165,0.40023227933463207,0.4633666612030814,0.4323296300551229,0.47896825832975315,0.541619175380949,-0.10242525545884153,0.08373539192614272,0.02060101005769341,0.05163804120565201,0.004999412931021625,-0.057651504120174155
seed_mean_sign,1111,5.000,14,0.6939797617087636,0.7139175257731959,0.5786716241338519,0.6320681973954764,0.6536129787020476,0.6743027441684969,0.7397444436612745,-0.019937764064432296,0.11530813757491197,0.061911564313287225,0.040366783006715964,0.019677017540266666,-0.0457646819525106
seed_mean_sign,1212,3.500,14,0.70979508764348,0.7794470253259403,0.7426195114641091,0.6875512211112931,0.7294466917022963,0.6954746390776256,0.7534271720457414,-0.06965193768246035,-0.032824423820629105,0.022243866532186803,-0.019651604058816236,0.014320448565854373,-0.04363208440226134
seed_mean_sign,1212,5.000,14,0.9049055206068626,0.8335305053236438,0.9170187595065064,0.8485692254969158,0.898136069201276,0.9304013999160957,0.9412226598668704,0.07137501528321867,-0.012113238899644321,0.05633629510994665,0.006769451405586443,-0.025495879309233336,-0.03631713926000795
seed_mean_sign,1313,3.500,14,0.8117982003673837,0.7564064139067883,0.7759628353064586,0.953081462055401,0.8167512385161093,0.8018930684004113,0.8683381705469081,0.05539178646059514,0.03583536506092485,-0.1412832616880171,-0.004953038148725719,0.0099051319669723,-0.056539970179524494
seed_mean_sign,1313,5.000,14,0.905465816716675,0.9349754943383474,0.8248690214635795,0.8680174777244686,0.9054249109940763,0.85834461425833,0.9262913890488162,-0.029509677621672163,0.08059679525309545,0.03744833899220618,4.090572259883375e-05,0.04712120245834499,-0.020825572332141305
seed_mean_sign,1414,3.500,14,0.7841791856700936,0.9097482391727857,0.8301363704480741,0.6098180626126865,0.7070778861286942,0.790908619671428,0.8300038741039293,-0.12556905350269226,-0.04595718477798076,0.1743611230574071,0.07710129954139935,-0.006729434001334388,-0.0458246884338357
seed_mean_sign,1414,5.000,14,0.9201120236195062,0.9959861416258241,0.948960621936792,0.9150102810143933,0.9067770964251594,0.9292565065617675,0.9619693818716606,-0.0758741180063177,-0.02884859831728612,0.005101742605112781,0.013334927194346844,-0.009144482942261436,-0.041857358252154406
seed_mean_sign,1515,3.500,14,0.591563547187507,0.790986063239922,0.5499400569459015,0.5639239468939518,0.5993029133991454,0.6616278000896264,0.7061174575740937,-0.19942251605241498,0.04162349024160563,0.027639600293555194,-0.007739366211638391,-0.07006425290211936,-0.1145539103865865
seed_mean_sign,1515,5.000,14,0.8081694632670758,0.8536842994760859,0.7374514111881022,0.735263879369431,0.80113594723737,0.8187197512086433,0.8490348827234419,-0.04551483620900991,0.07071805207897382,0.07290558389764475,0.007033516029705914,-0.010550287941567362,-0.040865419456366056
seed_mean_sign,1616,3.500,14,0.36974093234158917,0.44702532594035654,0.26554772965682594,0.36219472217669235,0.38664743369353655,0.3930482634100817,0.46358543016240733,-0.0772843935987675,0.10419320268476318,0.0075462101648968005,-0.01690650135194738,-0.02330733106849256,-0.09384449782081815
seed_mean_sign,1616,5.000,14,0.8307833579187542,0.8475156329220889,0.833403751901301,0.7641792323509253,0.810731831687767,0.8512019875991231,0.8861435661850753,-0.016732275003334702,-0.0026203939825471694,0.06660412556782884,0.020051526230987278,-0.020418629680368932,-0.055360208266321057
weighted_slot_sign,101,3.500,14,0.8292779330662174,0.8640041960137866,0.8782032069533942,0.9287411899688572,0.8494309247416031,0.8907178074732135,0.919532055255568,-0.03472626294756969,-0.048925273887177094,-0.09946325690264038,-0.020152991675385794,-0.06143987440699644,-0.09025412218935094
weighted_slot_sign,101,5.000,14,0.9770188595046562,0.9938313334460033,0.9856768632753087,0.998329335161069,0.9850385988175633,0.983922338106049,0.9960259041062695,-0.01681247394134702,-0.008658003770652425,-0.02131047565641322,-0.008019739312907432,-0.0069034786013929305,-0.01900704460161346
weighted_slot_sign,202,3.500,14,0.8973390385856829,0.9404690543983213,0.9387831560017984,0.9316095722012784,0.9023772590037967,0.9001166046443554,0.9347637766972167,-0.0431300158126389,-0.04144411741611557,-0.03427053361559577,-0.0050382204181140654,-0.0027775660586725126,-0.037424738111533865
weighted_slot_sign,202,5.000,14,0.8840741251835492,0.8612050025350685,0.8868091938482338,0.9919037011651817,0.9135689906764332,0.9117362916826449,0.964019407927881,0.022869122648480837,-0.0027350686646845446,-0.10782957598163234,-0.02949486549288401,-0.02766216649909568,-0.07994528274433163
weighted_slot_sign,303,3.500,14,0.872353448746747,0.9106099205754533,0.8596583245916379,0.8331421078511719,0.8929470302437391,0.8515461451855939,0.9302772228413246,-0.03825647182870617,0.012695124155109205,0.03921134089557521,-0.020593581496991864,0.020807303561153307,-0.05792377409457739
weighted_slot_sign,303,5.000,14,0.9794059221316711,0.9730015210410681,0.9151174581713702,0.9802947224126116,0.957461447846171,0.9657120155772139,0.9895677302705804,0.006404401090602855,0.06428846396030034,-0.0008888002809404684,0.021944474285499845,0.013693906554457078,-0.010161808138909554
weighted_slot_sign,404,3.500,14,0.8581993607585091,0.7533343323842348,0.8489060392627005,0.8334699229634487,0.806162962066905,0.874614897339119,0.8901894551938051,0.10486502837427412,0.009293321495808629,0.02472943779506053,0.05203639869160403,-0.01641553658060991,-0.0319900944352961
weighted_slot_sign,404,5.000,14,0.8961211231490187,0.7871387527463244,0.9197228325164778,0.8177261823166552,0.8797529517958864,0.895169971925607,0.9240407244099191,0.1089823704026945,-0.023601709367459273,0.07839494083236336,0.01636817135313221,0.0009511512234115742,-0.02791960126090042
weighted_slot_sign,505,3.500,14,0.8492662147430077,0.8941630451071484,0.812603027124232,0.8075315522045566,0.8386779178433995,0.8507806827640937,0.894793808380834,-0.044896830364140564,0.03666318761877567,0.04173466253845097,0.010588296899608067,-0.0015144680210860209,-0.04552759363782636
weighted_slot_sign,505,5.000,14,0.9901506243156157,0.984071319925638,0.9798884569883389,0.9847069910897873,0.9746731102411937,0.989894981958574,0.9932863323935287,0.006079304389977653,0.010262167327276956,0.005443633225828122,0.015477514074422003,0.0002556423570418013,-0.003135708077912913
weighted_slot_sign,606,3.500,14,0.539787091244483,0.5634272441180881,0.45995054698036864,0.5254466480904769,0.47956629678118146,0.5332000216285268,0.5622944431127966,-0.02364015287360487,0.07983654426411436,0.014340443154006078,0.06022079446330148,0.006587069615956267,-0.022507351868313537
weighted_slot_sign,606,5.000,14,0.9815091550599481,0.9847895893189113,0.9830150414061177,0.9828221384509935,0.9756194829811268,0.9852685900076751,0.9904473540277708,-0.003280434258963627,-0.0015058863461699934,-0.0013129833910459077,0.005889672078821366,-0.0037594349477271327,-0.008938198967822839
weighted_slot_sign,707,3.500,14,0.89281263073368,0.880263749438034,0.9014311404166045,0.9428372397967545,0.8805037089095826,0.9058446359791166,0.920985010213755,0.01254888129564609,-0.008618509682924253,-0.05002460906307464,0.012308921824097374,-0.013032005245436564,-0.028172379480074932
weighted_slot_sign,707,5.000,14,0.9904268339078784,0.9295673483184045,0.9706354571573429,0.9998714873200819,0.9909927370049149,0.9883892205735475,0.9961916008845735,0.060859485589473905,0.019791376750535272,-0.00944465341220374,-0.0005659030970363339,0.0020376133343309693,-0.005764766976694964
weighted_slot_sign,808,3.500,14,0.6320093872589309,0.7361007043308857,0.5598306608721713,0.6008031470250776,0.6323035036950417,0.5769529491724431,0.6817292396502933,-0.10409131707195475,0.07217872638675946,0.03120624023385308,-0.0002941164361109083,0.055056438086487865,-0.04971985239136242
weighted_slot_sign,808,5.000,14,0.801944124551136,0.8688524590163934,0.7512252830826432,0.6990233036326251,0.7776203710532918,0.7605866859929602,0.837928810115428,-0.06690833446525749,0.05071884146849267,0.10292082091851082,0.024323753497843985,0.04135743855817566,-0.03598468556429203
weighted_slot_sign,909,3.500,14,0.7310731982525647,0.8388281132923723,0.7653229432039563,0.6162924110801508,0.7410868594605626,0.7111134994787667,0.7745708509178796,-0.1077549150398077,-0.03424974495139164,0.11478078717241383,-0.010013661207998173,0.019959698773797822,-0.043497652665315155
weighted_slot_sign,909,5.000,14,0.8844312489296274,0.9645090417441272,0.8852881527801254,0.7979780671692941,0.8209747189703709,0.8645837798550906,0.9014827847881851,-0.08007779281449953,-0.000856903850497502,0.08645318176033348,0.06345652995925659,0.01984746907453681,-0.017051535858557596
weighted_slot_sign,1111,3.500,14,0.47330796312358775,0.5863929267196165,0.40023227933463207,0.4633666612030814,0.4323296300551229,0.47896825832975315,0.541619175380949,-0.11308496359602851,0.07307568378895575,0.009941301920506417,0.04097833306846501,-0.005660295206165368,-0.06831121225736114
weighted_slot_sign,1111,5.000,14,0.6674240998536282,0.7139175257731959,0.5786716241338519,0.6320681973954764,0.6536129787020476,0.6743027441684969,0.7397444436612745,-0.046493425919567774,0.0887524757197765,0.035355902458151754,0.013811121151580492,-0.006878644314868803,-0.07232034380764607
weighted_slot_sign,1212,3.500,14,0.7089937330438342,0.7794470253259403,0.7426195114641091,0.6875512211112931,0.7294466917022963,0.6954746390776256,0.7534271720457414,-0.07045329228210624,-0.033625778420274983,0.021442511932540924,-0.020452958658462115,0.013519093966208493,-0.044433439001907216
weighted_slot_sign,1212,5.000,14,0.9068219515594229,0.8335305053236438,0.9170187595065064,0.8485692254969158,0.898136069201276,0.9304013999160957,0.9412226598668704,0.07329144623577918,-0.010196807947083799,0.05825272606250718,0.008685882358146966,-0.023579448356672812,-0.034400708307447424
weighted_slot_sign,1313,3.500,14,0.8233419238516034,0.7564064139067883,0.7759628353064586,0.953081462055401,0.8167512385161093,0.8018930684004113,0.8683381705469081,0.06693550994481491,0.047379088545144624,-0.12973953820379733,0.006590685335494054,0.021448855451192073,-0.04499624669530472
weighted_slot_sign,1313,5.000,14,0.9076412855557834,0.9349754943383474,0.8248690214635795,0.8680174777244686,0.9054249109940763,0.85834461425833,0.9262913890488162,-0.02733420878256357,0.08277226409220403,0.03962380783131477,0.0022163745617074238,0.049296671297453576,-0.018650103493032717
weighted_slot_sign,1414,3.500,14,0.8054466490698016,0.9097482391727857,0.8301363704480741,0.6098180626126865,0.7070778861286942,0.790908619671428,0.8300038741039293,-0.10430159010298415,-0.02468972137827264,0.1956285864571152,0.09836876294110748,0.01453802939837373,-0.02455722503412758
weighted_slot_sign,1414,5.000,14,0.9476623186618537,0.9959861416258241,0.948960621936792,0.9150102810143933,0.9067770964251594,0.9292565065617675,0.9619693818716606,-0.04832382296397026,-0.0012983032749386916,0.03265203764746021,0.040885222236694274,0.018405812100085992,-0.014307063209806974
weighted_slot_sign,1515,3.500,14,0.6385694787269406,0.790986063239922,0.5499400569459015,0.5639239468939518,0.5993029133991454,0.6616278000896264,0.7061174575740937,-0.15241658451298137,0.08862942178103927,0.07464553183298883,0.03926656532779525,-0.023058321362685714,-0.06754797884715286
weighted_slot_sign,1515,5.000,14,0.808220494890526,0.8536842994760859,0.7374514111881022,0.735263879369431,0.80113594723737,0.8187197512086433,0.8490348827234419,-0.04546380458555987,0.07076908370242387,0.07295661552109478,0.007084547653155955,-0.010499256318117323,-0.040814387832916015
weighted_slot_sign,1616,3.500,14,0.42341550824975605,0.44702532594035654,0.26554772965682594,0.36219472217669235,0.38664743369353655,0.3930482634100817,0.46358543016240733,-0.02360981769060064,0.15786777859293002,0.06122078607306367,0.036768074556219485,0.0303672448396743,-0.040169921912651285
weighted_slot_sign,1616,5.000,14,0.8612995512680298,0.8475156329220889,0.833403751901301,0.7641792323509253,0.810731831687767,0.8512019875991231,0.8861435661850753,0.013783918345940909,0.02789579936672844,0.09712031891710445,0.05056771958026289,0.010097563668906675,-0.024844014917045448
