mode,condition,condition_alias,condition_display,train_seed,checkpoint_episode,f_value,coop_rate,avg_welfare
learned,cond1,comm_symm,Comm-On (Symmetric Uncertainty),101,150000,3.500,0.8640041960137869,50.56016784055148
learned,cond1,comm_symm,Comm-On (Symmetric Uncertainty),101,150000,5.000,0.993831333446003,79.60520534054419
learned,cond1,comm_symm,Comm-On (Symmetric Uncertainty),101,50000,3.500,0.35853439232728906,30.341375693091564
learned,cond1,comm_symm,Comm-On (Symmetric Uncertainty),101,50000,5.000,0.6270491803278688,56.131147540983605
learned,cond1,comm_symm,Comm-On (Symmetric Uncertainty),1111,150000,3.500,0.5863929267196164,39.45571706878466
learned,cond1,comm_symm,Comm-On (Symmetric Uncertainty),1111,150000,5.000,0.7139175257731959,61.69072164948454
learned,cond1,comm_symm,Comm-On (Symmetric Uncertainty),1111,50000,3.500,0.6154278435486288,40.617113741945154
learned,cond1,comm_symm,Comm-On (Symmetric Uncertainty),1111,50000,5.000,0.6892006084164273,60.108838938651346
learned,cond1,comm_symm,Comm-On (Symmetric Uncertainty),1212,150000,3.500,0.7794470253259403,47.17788101303761
learned,cond1,comm_symm,Comm-On (Symmetric Uncertainty),1212,150000,5.000,0.8335305053236437,69.3459523407132
learned,cond1,comm_symm,Comm-On (Symmetric Uncertainty),1212,50000,3.500,0.42874269444028174,33.14970777761127
learned,cond1,comm_symm,Comm-On (Symmetric Uncertainty),1212,50000,5.000,0.599839445665033,54.38972452256211
learned,cond1,comm_symm,Comm-On (Symmetric Uncertainty),1313,150000,3.500,0.7564064139067885,46.256256556271545
learned,cond1,comm_symm,Comm-On (Symmetric Uncertainty),1313,150000,5.000,0.9349754943383471,75.83843163765421
learned,cond1,comm_symm,Comm-On (Symmetric Uncertainty),1313,50000,3.500,0.0712947699685299,18.851790798741195
learned,cond1,comm_symm,Comm-On (Symmetric Uncertainty),1313,50000,5.000,0.7186074023998648,61.990873753591345
learned,cond1,comm_symm,Comm-On (Symmetric Uncertainty),1414,150000,3.500,0.9097482391727858,52.389929566911434
learned,cond1,comm_symm,Comm-On (Symmetric Uncertainty),1414,150000,5.000,0.9959861416258239,79.74311306405274
learned,cond1,comm_symm,Comm-On (Symmetric Uncertainty),1414,50000,3.500,0.505956841001049,36.23827364004196
learned,cond1,comm_symm,Comm-On (Symmetric Uncertainty),1414,50000,5.000,0.6612726043603178,58.32144667906034
learned,cond1,comm_symm,Comm-On (Symmetric Uncertainty),1515,150000,3.500,0.790986063239922,47.639442529596884
learned,cond1,comm_symm,Comm-On (Symmetric Uncertainty),1515,150000,5.000,0.8536842994760858,70.63579516646949
learned,cond1,comm_symm,Comm-On (Symmetric Uncertainty),1515,50000,3.500,0.38303611569009444,31.321444627603775
learned,cond1,comm_symm,Comm-On (Symmetric Uncertainty),1515,50000,5.000,0.632119317221565,56.45563630218016
learned,cond1,comm_symm,Comm-On (Symmetric Uncertainty),1616,150000,3.500,0.44702532594035665,33.88101303761427
learned,cond1,comm_symm,Comm-On (Symmetric Uncertainty),1616,150000,5.000,0.8475156329220889,70.2410005070137
learned,cond1,comm_symm,Comm-On (Symmetric Uncertainty),1616,50000,3.500,0.45863929267196163,34.34557170687847
learned,cond1,comm_symm,Comm-On (Symmetric Uncertainty),1616,50000,5.000,0.6802856177116782,59.5382795335474
learned,cond1,comm_symm,Comm-On (Symmetric Uncertainty),202,150000,3.500,0.9404690543983216,53.618762175932865
learned,cond1,comm_symm,Comm-On (Symmetric Uncertainty),202,150000,5.000,0.8612050025350685,71.11712016224438
learned,cond1,comm_symm,Comm-On (Symmetric Uncertainty),202,50000,3.500,0.39292671961636444,31.71706878465458
learned,cond1,comm_symm,Comm-On (Symmetric Uncertainty),202,50000,5.000,0.6284857191144161,56.22308602332263
learned,cond1,comm_symm,Comm-On (Symmetric Uncertainty),303,150000,3.500,0.9106099205754533,52.424396823018135
learned,cond1,comm_symm,Comm-On (Symmetric Uncertainty),303,150000,5.000,0.9730015210410681,78.27209734662836
learned,cond1,comm_symm,Comm-On (Symmetric Uncertainty),303,50000,3.500,0.6065487786602728,40.26195114641091
learned,cond1,comm_symm,Comm-On (Symmetric Uncertainty),303,50000,5.000,0.6963410512083826,60.56582727733649
learned,cond1,comm_symm,Comm-On (Symmetric Uncertainty),404,150000,3.500,0.753334332384235,46.1333732953694
learned,cond1,comm_symm,Comm-On (Symmetric Uncertainty),404,150000,5.000,0.7871387527463242,66.37688017576474
learned,cond1,comm_symm,Comm-On (Symmetric Uncertainty),404,50000,3.500,0.4780083920275738,35.12033568110295
learned,cond1,comm_symm,Comm-On (Symmetric Uncertainty),404,50000,5.000,0.742352543518675,63.5105627851952
learned,cond1,comm_symm,Comm-On (Symmetric Uncertainty),505,150000,3.500,0.8941630451071482,51.76652180428593
learned,cond1,comm_symm,Comm-On (Symmetric Uncertainty),505,150000,5.000,0.984071319925638,78.98056447524083
learned,cond1,comm_symm,Comm-On (Symmetric Uncertainty),505,50000,3.500,0.557245616664169,38.28982466656676
learned,cond1,comm_symm,Comm-On (Symmetric Uncertainty),505,50000,5.000,0.7936454284265675,66.79330741930032
learned,cond1,comm_symm,Comm-On (Symmetric Uncertainty),606,150000,3.500,0.5634272441180879,38.53708976472351
learned,cond1,comm_symm,Comm-On (Symmetric Uncertainty),606,150000,5.000,0.9847895893189116,79.02653371641034
learned,cond1,comm_symm,Comm-On (Symmetric Uncertainty),606,50000,3.500,0.43293870822718417,33.317548329087366
learned,cond1,comm_symm,Comm-On (Symmetric Uncertainty),606,50000,5.000,0.8717677877302688,71.7931384147372
learned,cond1,comm_symm,Comm-On (Symmetric Uncertainty),707,150000,3.500,0.8802637494380339,51.21054997752135
learned,cond1,comm_symm,Comm-On (Symmetric Uncertainty),707,150000,5.000,0.9295673483184046,75.4923102923779
learned,cond1,comm_symm,Comm-On (Symmetric Uncertainty),707,50000,3.500,0.5407987411958639,37.63194964783456
learned,cond1,comm_symm,Comm-On (Symmetric Uncertainty),707,50000,5.000,0.7142132837586614,61.70965016055433
learned,cond1,comm_symm,Comm-On (Symmetric Uncertainty),808,150000,3.500,0.7361007043308857,45.444028173235424
learned,cond1,comm_symm,Comm-On (Symmetric Uncertainty),808,150000,5.000,0.8688524590163934,71.60655737704919
learned,cond1,comm_symm,Comm-On (Symmetric Uncertainty),808,50000,3.500,0.6228083320845197,40.91233328338079
learned,cond1,comm_symm,Comm-On (Symmetric Uncertainty),808,50000,5.000,0.8384316376542167,69.65962480986987
learned,cond1,comm_symm,Comm-On (Symmetric Uncertainty),909,150000,3.500,0.8388281132923723,49.55312453169489
learned,cond1,comm_symm,Comm-On (Symmetric Uncertainty),909,150000,5.000,0.9645090417441271,77.72857867162413
learned,cond1,comm_symm,Comm-On (Symmetric Uncertainty),909,50000,3.500,0.5076427393975723,36.305709575902895
learned,cond1,comm_symm,Comm-On (Symmetric Uncertainty),909,50000,5.000,0.7322122697312827,62.861585262802095
no_comm,cond2,no_comm_symm,No-Comm (Symmetric Uncertainty),101,150000,3.500,0.7495335820895522,45.98134328358209
no_comm,cond2,no_comm_symm,No-Comm (Symmetric Uncertainty),101,150000,5.000,0.9389046047461889,76.08989470375609
no_comm,cond2,no_comm_symm,No-Comm (Symmetric Uncertainty),101,50000,3.500,0.6346004353233831,41.38401741293532
no_comm,cond2,no_comm_symm,No-Comm (Symmetric Uncertainty),101,50000,5.000,0.44035832154644033,44.182932578972185
no_comm,cond2,no_comm_symm,No-Comm (Symmetric Uncertainty),1111,150000,3.500,0.6572994402985075,42.2919776119403
no_comm,cond2,no_comm_symm,No-Comm (Symmetric Uncertainty),1111,150000,5.000,0.4983105453402483,47.89187490177589
no_comm,cond2,no_comm_symm,No-Comm (Symmetric Uncertainty),1111,50000,3.500,0.873095460199005,50.9238184079602
no_comm,cond2,no_comm_symm,No-Comm (Symmetric Uncertainty),1111,50000,5.000,0.9066478076379066,74.02545968882603
no_comm,cond2,no_comm_symm,No-Comm (Symmetric Uncertainty),1212,150000,3.500,0.34157338308457713,29.662935323383085
no_comm,cond2,no_comm_symm,No-Comm (Symmetric Uncertainty),1212,150000,5.000,0.5135942165645135,48.87002986012887
no_comm,cond2,no_comm_symm,No-Comm (Symmetric Uncertainty),1212,50000,3.500,0.7150575248756219,44.602300995024876
no_comm,cond2,no_comm_symm,No-Comm (Symmetric Uncertainty),1212,50000,5.000,0.5805830583058306,53.157315731573156
no_comm,cond2,no_comm_symm,No-Comm (Symmetric Uncertainty),1313,150000,3.500,0.02028917910447761,16.811567164179106
no_comm,cond2,no_comm_symm,No-Comm (Symmetric Uncertainty),1313,150000,5.000,0.26575514694326574,33.00832940436901
no_comm,cond2,no_comm_symm,No-Comm (Symmetric Uncertainty),1313,50000,3.500,0.45020988805970147,34.00839552238806
no_comm,cond2,no_comm_symm,No-Comm (Symmetric Uncertainty),1313,50000,5.000,0.5147336162187648,48.94295143800095
no_comm,cond2,no_comm_symm,No-Comm (Symmetric Uncertainty),1414,150000,3.500,0.039606654228855724,17.58426616915423
no_comm,cond2,no_comm_symm,No-Comm (Symmetric Uncertainty),1414,150000,5.000,0.4223243752946723,43.02876001885903
no_comm,cond2,no_comm_symm,No-Comm (Symmetric Uncertainty),1414,50000,3.500,0.13992537313432835,21.597014925373134
no_comm,cond2,no_comm_symm,No-Comm (Symmetric Uncertainty),1414,50000,5.000,0.2733773377337734,33.496149614961496
no_comm,cond2,no_comm_symm,No-Comm (Symmetric Uncertainty),1515,150000,3.500,0.6137282338308457,40.54912935323383
no_comm,cond2,no_comm_symm,No-Comm (Symmetric Uncertainty),1515,150000,5.000,0.47512965582272515,46.40829797265441
no_comm,cond2,no_comm_symm,No-Comm (Symmetric Uncertainty),1515,50000,3.500,0.41363495024875624,32.54539800995025
no_comm,cond2,no_comm_symm,No-Comm (Symmetric Uncertainty),1515,50000,5.000,0.5562234794908062,51.598302687411596
no_comm,cond2,no_comm_symm,No-Comm (Symmetric Uncertainty),1616,150000,3.500,0.845693407960199,49.82773631840796
no_comm,cond2,no_comm_symm,No-Comm (Symmetric Uncertainty),1616,150000,5.000,0.9704934779192205,78.11158258683011
no_comm,cond2,no_comm_symm,No-Comm (Symmetric Uncertainty),1616,50000,3.500,0.2111318407960199,24.445273631840795
no_comm,cond2,no_comm_symm,No-Comm (Symmetric Uncertainty),1616,50000,5.000,0.598066949552098,54.276284771334275
no_comm,cond2,no_comm_symm,No-Comm (Symmetric Uncertainty),202,150000,3.500,0.48935012437810943,35.57400497512438
no_comm,cond2,no_comm_symm,No-Comm (Symmetric Uncertainty),202,150000,5.000,0.6112289800408612,55.11865472261512
no_comm,cond2,no_comm_symm,No-Comm (Symmetric Uncertainty),202,50000,3.500,0.5373911691542289,37.49564676616915
no_comm,cond2,no_comm_symm,No-Comm (Symmetric Uncertainty),202,50000,5.000,0.7305516265912305,62.75530410183875
no_comm,cond2,no_comm_symm,No-Comm (Symmetric Uncertainty),303,150000,3.500,0.39579446517412936,31.831778606965173
no_comm,cond2,no_comm_symm,No-Comm (Symmetric Uncertainty),303,150000,5.000,0.5124548169102624,48.797108282256794
no_comm,cond2,no_comm_symm,No-Comm (Symmetric Uncertainty),303,50000,3.500,0.6398087686567164,41.59235074626866
no_comm,cond2,no_comm_symm,No-Comm (Symmetric Uncertainty),303,50000,5.000,0.6941301272984441,60.424328147100425
no_comm,cond2,no_comm_symm,No-Comm (Symmetric Uncertainty),404,150000,3.500,0.5554648631840796,38.21859452736319
no_comm,cond2,no_comm_symm,No-Comm (Symmetric Uncertainty),404,150000,5.000,0.6084787050133584,54.94263712085494
no_comm,cond2,no_comm_symm,No-Comm (Symmetric Uncertainty),404,50000,3.500,0.5522776741293532,38.09110696517413
no_comm,cond2,no_comm_symm,No-Comm (Symmetric Uncertainty),404,50000,5.000,0.6866650950809366,59.946566085179946
no_comm,cond2,no_comm_symm,No-Comm (Symmetric Uncertainty),505,150000,3.500,0.4728700248756219,34.914800995024876
no_comm,cond2,no_comm_symm,No-Comm (Symmetric Uncertainty),505,150000,5.000,0.6248624862486248,55.99119911991199
no_comm,cond2,no_comm_symm,No-Comm (Symmetric Uncertainty),505,50000,3.500,0.45984919154228854,34.39396766169154
no_comm,cond2,no_comm_symm,No-Comm (Symmetric Uncertainty),505,50000,5.000,0.7263476347634763,62.48624862486248
no_comm,cond2,no_comm_symm,No-Comm (Symmetric Uncertainty),606,150000,3.500,0.6087531094527363,40.350124378109456
no_comm,cond2,no_comm_symm,No-Comm (Symmetric Uncertainty),606,150000,5.000,0.701948766305202,60.92472104353293
no_comm,cond2,no_comm_symm,No-Comm (Symmetric Uncertainty),606,50000,3.500,0.6519745024875622,42.07898009950249
no_comm,cond2,no_comm_symm,No-Comm (Symmetric Uncertainty),606,50000,5.000,0.4454659751689455,44.50982241081251
no_comm,cond2,no_comm_symm,No-Comm (Symmetric Uncertainty),707,150000,3.500,0.019978233830845772,16.79912935323383
no_comm,cond2,no_comm_symm,No-Comm (Symmetric Uncertainty),707,150000,5.000,0.2953795379537954,34.9042904290429
no_comm,cond2,no_comm_symm,No-Comm (Symmetric Uncertainty),707,50000,3.500,0.06370491293532338,18.548196517412936
no_comm,cond2,no_comm_symm,No-Comm (Symmetric Uncertainty),707,50000,5.000,0.6191654879773691,55.626591230551625
no_comm,cond2,no_comm_symm,No-Comm (Symmetric Uncertainty),808,150000,3.500,0.5188899253731343,36.75559701492537
no_comm,cond2,no_comm_symm,No-Comm (Symmetric Uncertainty),808,150000,5.000,0.5278563570642778,49.78280685211378
no_comm,cond2,no_comm_symm,No-Comm (Symmetric Uncertainty),808,50000,3.500,0.09829757462686567,19.931902985074625
no_comm,cond2,no_comm_symm,No-Comm (Symmetric Uncertainty),808,50000,5.000,0.3404054691183404,37.78595002357378
no_comm,cond2,no_comm_symm,No-Comm (Symmetric Uncertainty),909,150000,3.500,0.014692164179104478,16.58768656716418
no_comm,cond2,no_comm_symm,No-Comm (Symmetric Uncertainty),909,150000,5.000,0.4679396511079679,45.94813767090995
no_comm,cond2,no_comm_symm,No-Comm (Symmetric Uncertainty),909,50000,3.500,0.5382462686567164,37.52985074626866
no_comm,cond2,no_comm_symm,No-Comm (Symmetric Uncertainty),909,50000,5.000,0.6366886688668867,56.74807480748075
public_random,cond1,comm_symm,Comm-On (Symmetric Uncertainty),101,150000,3.500,0.44648418292083264,33.85936731683331
public_random,cond1,comm_symm,Comm-On (Symmetric Uncertainty),101,150000,5.000,0.4473954763536669,44.633310486634684
public_random,cond1,comm_symm,Comm-On (Symmetric Uncertainty),101,50000,3.500,0.6233814128831339,40.93525651532536
public_random,cond1,comm_symm,Comm-On (Symmetric Uncertainty),101,50000,5.000,0.7498286497601097,63.98903358464702
public_random,cond1,comm_symm,Comm-On (Symmetric Uncertainty),1111,150000,3.500,0.3511309621373545,30.04523848549418
public_random,cond1,comm_symm,Comm-On (Symmetric Uncertainty),1111,150000,5.000,0.5215472926662097,49.37902673063742
public_random,cond1,comm_symm,Comm-On (Symmetric Uncertainty),1111,50000,3.500,0.44673004425504015,33.869201770201606
public_random,cond1,comm_symm,Comm-On (Symmetric Uncertainty),1111,50000,5.000,0.6445339273474983,57.25017135023989
public_random,cond1,comm_symm,Comm-On (Symmetric Uncertainty),1212,150000,3.500,0.42988854286182593,33.19554171447304
public_random,cond1,comm_symm,Comm-On (Symmetric Uncertainty),1212,150000,5.000,0.5130226182316655,48.83344756682659
public_random,cond1,comm_symm,Comm-On (Symmetric Uncertainty),1212,50000,3.500,0.36682511063760037,30.673004425504015
public_random,cond1,comm_symm,Comm-On (Symmetric Uncertainty),1212,50000,5.000,0.3427004797806717,37.932830705962985
public_random,cond1,comm_symm,Comm-On (Symmetric Uncertainty),1313,150000,3.500,0.01905425340108179,16.76217013604327
public_random,cond1,comm_symm,Comm-On (Symmetric Uncertainty),1313,150000,5.000,0.3078735435229609,35.7039067854695
public_random,cond1,comm_symm,Comm-On (Symmetric Uncertainty),1313,50000,3.500,0.24086215374528766,25.634486149811508
public_random,cond1,comm_symm,Comm-On (Symmetric Uncertainty),1313,50000,5.000,0.5843043180260452,53.39547635366689
public_random,cond1,comm_symm,Comm-On (Symmetric Uncertainty),1414,150000,3.500,0.6014997541386657,40.05999016554663
public_random,cond1,comm_symm,Comm-On (Symmetric Uncertainty),1414,150000,5.000,0.5963416723783413,54.165867032213846
public_random,cond1,comm_symm,Comm-On (Symmetric Uncertainty),1414,50000,3.500,0.6885756433371578,43.54302573348632
public_random,cond1,comm_symm,Comm-On (Symmetric Uncertainty),1414,50000,5.000,0.596898560657985,54.20150788211104
public_random,cond1,comm_symm,Comm-On (Symmetric Uncertainty),1515,150000,3.500,0.08306015407310277,19.32240616292411
public_random,cond1,comm_symm,Comm-On (Symmetric Uncertainty),1515,150000,5.000,0.7100325565455792,61.44208361891707
public_random,cond1,comm_symm,Comm-On (Symmetric Uncertainty),1515,50000,3.500,0.2064005900672021,24.256023602688085
public_random,cond1,comm_symm,Comm-On (Symmetric Uncertainty),1515,50000,5.000,0.3787268677176148,40.238519533927345
public_random,cond1,comm_symm,Comm-On (Symmetric Uncertainty),1616,150000,3.500,0.5340927716767743,37.36371086707097
public_random,cond1,comm_symm,Comm-On (Symmetric Uncertainty),1616,150000,5.000,0.6828307059629883,59.701165181631254
public_random,cond1,comm_symm,Comm-On (Symmetric Uncertainty),1616,50000,3.500,0.2779872152106212,27.11948860842485
public_random,cond1,comm_symm,Comm-On (Symmetric Uncertainty),1616,50000,5.000,0.4786668951336532,46.63468128855381
public_random,cond1,comm_symm,Comm-On (Symmetric Uncertainty),202,150000,3.500,0.3988690378626455,31.95476151450582
public_random,cond1,comm_symm,Comm-On (Symmetric Uncertainty),202,150000,5.000,0.6998800548320767,60.79232350925291
public_random,cond1,comm_symm,Comm-On (Symmetric Uncertainty),202,50000,3.500,0.4809867234879528,35.23946893951811
public_random,cond1,comm_symm,Comm-On (Symmetric Uncertainty),202,50000,5.000,0.667623372172721,58.72789581905415
public_random,cond1,comm_symm,Comm-On (Symmetric Uncertainty),303,150000,3.500,0.016718570726110472,16.66874282904442
public_random,cond1,comm_symm,Comm-On (Symmetric Uncertainty),303,150000,5.000,0.3325908156271419,37.28581220013708
public_random,cond1,comm_symm,Comm-On (Symmetric Uncertainty),303,50000,3.500,0.2755695787575807,27.02278315030323
public_random,cond1,comm_symm,Comm-On (Symmetric Uncertainty),303,50000,5.000,0.561771761480466,51.953392734749826
public_random,cond1,comm_symm,Comm-On (Symmetric Uncertainty),404,150000,3.500,0.7549582035731848,46.19832814292739
public_random,cond1,comm_symm,Comm-On (Symmetric Uncertainty),404,150000,5.000,0.6569139821795751,58.042494859492805
public_random,cond1,comm_symm,Comm-On (Symmetric Uncertainty),404,50000,3.500,0.5175381085068022,36.70152434027209
public_random,cond1,comm_symm,Comm-On (Symmetric Uncertainty),404,50000,5.000,0.47562542837559973,46.44002741603838
public_random,cond1,comm_symm,Comm-On (Symmetric Uncertainty),505,150000,3.500,0.5224143583019177,36.89657433207671
public_random,cond1,comm_symm,Comm-On (Symmetric Uncertainty),505,150000,5.000,0.6278701165181632,56.18368745716244
public_random,cond1,comm_symm,Comm-On (Symmetric Uncertainty),505,50000,3.500,0.40685953122438945,32.27438124897558
public_random,cond1,comm_symm,Comm-On (Symmetric Uncertainty),505,50000,5.000,0.7081477039067855,61.32145305003427
public_random,cond1,comm_symm,Comm-On (Symmetric Uncertainty),606,150000,3.500,0.7322979839370595,45.29191935748238
public_random,cond1,comm_symm,Comm-On (Symmetric Uncertainty),606,150000,5.000,0.8676319396847155,71.5284441398218
public_random,cond1,comm_symm,Comm-On (Symmetric Uncertainty),606,50000,3.500,0.5011473528929684,36.04589411571873
public_random,cond1,comm_symm,Comm-On (Symmetric Uncertainty),606,50000,5.000,0.5177775873886223,49.13776559287183
public_random,cond1,comm_symm,Comm-On (Symmetric Uncertainty),707,150000,3.500,0.026307162760203246,17.05228651040813
public_random,cond1,comm_symm,Comm-On (Symmetric Uncertainty),707,150000,5.000,0.17233550376970527,27.02947224126114
public_random,cond1,comm_symm,Comm-On (Symmetric Uncertainty),707,50000,3.500,0.21398131453860023,24.55925258154401
public_random,cond1,comm_symm,Comm-On (Symmetric Uncertainty),707,50000,5.000,0.544165524331734,50.82659355723098
public_random,cond1,comm_symm,Comm-On (Symmetric Uncertainty),808,150000,3.500,0.09695131945582691,19.878052778233076
public_random,cond1,comm_symm,Comm-On (Symmetric Uncertainty),808,150000,5.000,0.5834475668265936,53.34064427690199
public_random,cond1,comm_symm,Comm-On (Symmetric Uncertainty),808,50000,3.500,0.3400262252089821,29.601049008359286
public_random,cond1,comm_symm,Comm-On (Symmetric Uncertainty),808,50000,5.000,0.7237405757368061,62.31939684715559
public_random,cond1,comm_symm,Comm-On (Symmetric Uncertainty),909,150000,3.500,0.5203245369611539,36.812981478446154
public_random,cond1,comm_symm,Comm-On (Symmetric Uncertainty),909,150000,5.000,0.9243917066483893,75.16106922549692
public_random,cond1,comm_symm,Comm-On (Symmetric Uncertainty),909,50000,3.500,0.2577036551385019,26.308146205540076
public_random,cond1,comm_symm,Comm-On (Symmetric Uncertainty),909,50000,5.000,0.618617203564085,55.59150102810144
uniform,cond1,comm_symm,Comm-On (Symmetric Uncertainty),101,150000,3.500,0.7921135646687697,47.68454258675079
uniform,cond1,comm_symm,Comm-On (Symmetric Uncertainty),101,150000,5.000,0.9941670955566992,79.62669411562875
uniform,cond1,comm_symm,Comm-On (Symmetric Uncertainty),101,50000,3.500,0.42456624605678234,32.98264984227129
uniform,cond1,comm_symm,Comm-On (Symmetric Uncertainty),101,50000,5.000,0.6277663407102418,56.17704580545548
uniform,cond1,comm_symm,Comm-On (Symmetric Uncertainty),1111,150000,3.500,0.8305205047318612,49.22082018927445
uniform,cond1,comm_symm,Comm-On (Symmetric Uncertainty),1111,150000,5.000,0.9583547778349631,77.33470578143763
uniform,cond1,comm_symm,Comm-On (Symmetric Uncertainty),1111,50000,3.500,0.40654574132492116,32.261829652996845
uniform,cond1,comm_symm,Comm-On (Symmetric Uncertainty),1111,50000,5.000,0.6411477097272259,57.03345342254246
uniform,cond1,comm_symm,Comm-On (Symmetric Uncertainty),1212,150000,3.500,0.7879337539432176,47.51735015772871
uniform,cond1,comm_symm,Comm-On (Symmetric Uncertainty),1212,150000,5.000,0.9393549493909762,76.11871676102247
uniform,cond1,comm_symm,Comm-On (Symmetric Uncertainty),1212,50000,3.500,0.3908123028391167,31.63249211356467
uniform,cond1,comm_symm,Comm-On (Symmetric Uncertainty),1212,50000,5.000,0.5729113055412592,52.66632355464059
uniform,cond1,comm_symm,Comm-On (Symmetric Uncertainty),1313,150000,3.500,0.8167586750788643,48.670347003154575
uniform,cond1,comm_symm,Comm-On (Symmetric Uncertainty),1313,150000,5.000,0.9537656544861898,77.04100188711614
uniform,cond1,comm_symm,Comm-On (Symmetric Uncertainty),1313,50000,3.500,0.5286277602523659,37.14511041009464
uniform,cond1,comm_symm,Comm-On (Symmetric Uncertainty),1313,50000,5.000,0.7035512094698919,61.02727740607308
uniform,cond1,comm_symm,Comm-On (Symmetric Uncertainty),1414,150000,3.500,0.7476340694006309,45.905362776025235
uniform,cond1,comm_symm,Comm-On (Symmetric Uncertainty),1414,150000,5.000,0.7897581060216161,66.54451878538343
uniform,cond1,comm_symm,Comm-On (Symmetric Uncertainty),1414,50000,3.500,0.41336750788643534,32.534700315457414
uniform,cond1,comm_symm,Comm-On (Symmetric Uncertainty),1414,50000,5.000,0.5943129181677818,54.03602676273803
uniform,cond1,comm_symm,Comm-On (Symmetric Uncertainty),1515,150000,3.500,0.8667981072555205,50.67192429022082
uniform,cond1,comm_symm,Comm-On (Symmetric Uncertainty),1515,150000,5.000,0.8626694115628752,71.21084234002402
uniform,cond1,comm_symm,Comm-On (Symmetric Uncertainty),1515,50000,3.500,0.5312697160883281,37.25078864353312
uniform,cond1,comm_symm,Comm-On (Symmetric Uncertainty),1515,50000,5.000,0.7810516383599245,65.98730485503516
uniform,cond1,comm_symm,Comm-On (Symmetric Uncertainty),1616,150000,3.500,0.9537854889589905,54.15141955835962
uniform,cond1,comm_symm,Comm-On (Symmetric Uncertainty),1616,150000,5.000,0.9997855549837021,79.98627551895694
uniform,cond1,comm_symm,Comm-On (Symmetric Uncertainty),1616,50000,3.500,0.6307965299684543,41.23186119873817
uniform,cond1,comm_symm,Comm-On (Symmetric Uncertainty),1616,50000,5.000,0.7539886773031395,64.25527534740093
uniform,cond1,comm_symm,Comm-On (Symmetric Uncertainty),202,150000,3.500,0.5402602523659306,37.610410094637224
uniform,cond1,comm_symm,Comm-On (Symmetric Uncertainty),202,150000,5.000,0.8923486018184937,73.1103105163836
uniform,cond1,comm_symm,Comm-On (Symmetric Uncertainty),202,50000,3.500,0.3998422712933754,31.993690851735014
uniform,cond1,comm_symm,Comm-On (Symmetric Uncertainty),202,50000,5.000,0.6498541773889175,57.59066735289072
uniform,cond1,comm_symm,Comm-On (Symmetric Uncertainty),303,150000,3.500,0.8603706624605678,50.41482649842271
uniform,cond1,comm_symm,Comm-On (Symmetric Uncertainty),303,150000,5.000,0.9635014582261108,77.66409332647109
uniform,cond1,comm_symm,Comm-On (Symmetric Uncertainty),303,50000,3.500,0.53698738170347,37.4794952681388
uniform,cond1,comm_symm,Comm-On (Symmetric Uncertainty),303,50000,5.000,0.7846114256304684,66.21513124034998
uniform,cond1,comm_symm,Comm-On (Symmetric Uncertainty),404,150000,3.500,0.7490141955835962,45.96056782334385
uniform,cond1,comm_symm,Comm-On (Symmetric Uncertainty),404,150000,5.000,0.9845599588265569,79.01183736489963
uniform,cond1,comm_symm,Comm-On (Symmetric Uncertainty),404,50000,3.500,0.522634069400631,36.905362776025235
uniform,cond1,comm_symm,Comm-On (Symmetric Uncertainty),404,50000,5.000,0.8370646766169154,69.57213930348259
uniform,cond1,comm_symm,Comm-On (Symmetric Uncertainty),505,150000,3.500,0.8570977917981073,50.28391167192429
uniform,cond1,comm_symm,Comm-On (Symmetric Uncertainty),505,150000,5.000,0.9516640933264711,76.90650197289415
uniform,cond1,comm_symm,Comm-On (Symmetric Uncertainty),505,50000,3.500,0.3555993690851735,30.22397476340694
uniform,cond1,comm_symm,Comm-On (Symmetric Uncertainty),505,50000,5.000,0.6328272430948705,56.50094355807171
uniform,cond1,comm_symm,Comm-On (Symmetric Uncertainty),606,150000,3.500,0.07503943217665615,19.001577287066247
uniform,cond1,comm_symm,Comm-On (Symmetric Uncertainty),606,150000,5.000,0.628452564762395,56.22096414479328
uniform,cond1,comm_symm,Comm-On (Symmetric Uncertainty),606,50000,3.500,0.37468454258675077,30.98738170347003
uniform,cond1,comm_symm,Comm-On (Symmetric Uncertainty),606,50000,5.000,0.6839938239835306,59.77560473494596
uniform,cond1,comm_symm,Comm-On (Symmetric Uncertainty),707,150000,3.500,0.8118690851735015,48.47476340694006
uniform,cond1,comm_symm,Comm-On (Symmetric Uncertainty),707,150000,5.000,0.9412420655343969,76.2394921942014
uniform,cond1,comm_symm,Comm-On (Symmetric Uncertainty),707,50000,3.500,0.3588328075709779,30.353312302839118
uniform,cond1,comm_symm,Comm-On (Symmetric Uncertainty),707,50000,5.000,0.5334105335392005,50.138274146508834
uniform,cond1,comm_symm,Comm-On (Symmetric Uncertainty),808,150000,3.500,0.9146293375394322,52.58517350157729
uniform,cond1,comm_symm,Comm-On (Symmetric Uncertainty),808,150000,5.000,0.966932578486876,77.88368502316006
uniform,cond1,comm_symm,Comm-On (Symmetric Uncertainty),808,50000,3.500,0.5394321766561514,37.57728706624606
uniform,cond1,comm_symm,Comm-On (Symmetric Uncertainty),808,50000,5.000,0.6402899296620347,56.97855549837022
uniform,cond1,comm_symm,Comm-On (Symmetric Uncertainty),909,150000,3.500,0.7755520504731861,47.02208201892744
uniform,cond1,comm_symm,Comm-On (Symmetric Uncertainty),909,150000,5.000,0.9080030880082347,74.11219763252701
uniform,cond1,comm_symm,Comm-On (Symmetric Uncertainty),909,50000,3.500,0.42389589905362773,32.95583596214511
uniform,cond1,comm_symm,Comm-On (Symmetric Uncertainty),909,50000,5.000,0.6914993995539543,60.25596157145308
fixed0,cond1,comm_symm,Comm-On (Symmetric Uncertainty),101,150000,3.500,0.37419451521054997,30.967780608422
fixed0,cond1,comm_symm,Comm-On (Symmetric Uncertainty),101,150000,5.000,0.4058644583403752,41.97532533378401
fixed0,cond1,comm_symm,Comm-On (Symmetric Uncertainty),101,50000,3.500,0.19432788850591937,23.773115540236773
fixed0,cond1,comm_symm,Comm-On (Symmetric Uncertainty),101,50000,5.000,0.5873753591346966,53.592022984620584
fixed0,cond1,comm_symm,Comm-On (Symmetric Uncertainty),1111,150000,3.500,0.05634647085268994,18.253858834107596
fixed0,cond1,comm_symm,Comm-On (Symmetric Uncertainty),1111,150000,5.000,0.45162244380598277,44.90383640358289
fixed0,cond1,comm_symm,Comm-On (Symmetric Uncertainty),1111,50000,3.500,0.3873070582946201,31.492282331784804
fixed0,cond1,comm_symm,Comm-On (Symmetric Uncertainty),1111,50000,5.000,0.6725959100895724,59.046138245732635
fixed0,cond1,comm_symm,Comm-On (Symmetric Uncertainty),1212,150000,3.500,0.02364004196013787,16.945601678405513
fixed0,cond1,comm_symm,Comm-On (Symmetric Uncertainty),1212,150000,5.000,0.6600473212776745,58.24302856177117
fixed0,cond1,comm_symm,Comm-On (Symmetric Uncertainty),1212,50000,3.500,0.18263899295669114,23.305559718267645
fixed0,cond1,comm_symm,Comm-On (Symmetric Uncertainty),1212,50000,5.000,0.49070474902822375,47.405103937806324
fixed0,cond1,comm_symm,Comm-On (Symmetric Uncertainty),1313,150000,3.500,0.007230630900644388,16.289225236025775
fixed0,cond1,comm_symm,Comm-On (Symmetric Uncertainty),1313,150000,5.000,0.2352121007267196,31.053574446510055
fixed0,cond1,comm_symm,Comm-On (Symmetric Uncertainty),1313,50000,3.500,0.2922973175483291,27.691892701933163
fixed0,cond1,comm_symm,Comm-On (Symmetric Uncertainty),1313,50000,5.000,0.4444397498732466,44.44414399188778
fixed0,cond1,comm_symm,Comm-On (Symmetric Uncertainty),1414,150000,3.500,0.0032968679754233478,16.131874719016935
fixed0,cond1,comm_symm,Comm-On (Symmetric Uncertainty),1414,150000,5.000,0.12409160047321277,23.941862430285617
fixed0,cond1,comm_symm,Comm-On (Symmetric Uncertainty),1414,50000,3.500,0.18278885059193767,23.311554023677505
fixed0,cond1,comm_symm,Comm-On (Symmetric Uncertainty),1414,50000,5.000,0.6608078418117289,58.29170187595065
fixed0,cond1,comm_symm,Comm-On (Symmetric Uncertainty),1515,150000,3.500,0.4227483890304211,32.90993556121684
fixed0,cond1,comm_symm,Comm-On (Symmetric Uncertainty),1515,150000,5.000,0.43214466790603345,43.65725874598614
fixed0,cond1,comm_symm,Comm-On (Symmetric Uncertainty),1515,50000,3.500,0.2958189719766222,27.832758879064887
fixed0,cond1,comm_symm,Comm-On (Symmetric Uncertainty),1515,50000,5.000,0.7316207537603515,62.8237282406625
fixed0,cond1,comm_symm,Comm-On (Symmetric Uncertainty),1616,150000,3.500,0.24685298965982316,25.874119586392926
fixed0,cond1,comm_symm,Comm-On (Symmetric Uncertainty),1616,150000,5.000,0.5728409667061011,52.66182186919047
fixed0,cond1,comm_symm,Comm-On (Symmetric Uncertainty),1616,50000,3.500,0.6388430990558969,41.55372396223588
fixed0,cond1,comm_symm,Comm-On (Symmetric Uncertainty),1616,50000,5.000,0.7917441270914315,66.67162413385161
fixed0,cond1,comm_symm,Comm-On (Symmetric Uncertainty),202,150000,3.500,0.5178705230031471,36.71482092012588
fixed0,cond1,comm_symm,Comm-On (Symmetric Uncertainty),202,150000,5.000,0.600895724184553,54.45732634781139
fixed0,cond1,comm_symm,Comm-On (Symmetric Uncertainty),202,50000,3.500,0.5259253708976472,37.037014835905886
fixed0,cond1,comm_symm,Comm-On (Symmetric Uncertainty),202,50000,5.000,0.7350008450228156,63.0400540814602
fixed0,cond1,comm_symm,Comm-On (Symmetric Uncertainty),303,150000,3.500,0.8677506368949498,50.71002547579799
fixed0,cond1,comm_symm,Comm-On (Symmetric Uncertainty),303,150000,5.000,0.48897245225621094,47.2942369443975
fixed0,cond1,comm_symm,Comm-On (Symmetric Uncertainty),303,50000,3.500,0.19245466806533792,23.698186722613517
fixed0,cond1,comm_symm,Comm-On (Symmetric Uncertainty),303,50000,5.000,0.4531012337333108,44.99847895893189
fixed0,cond1,comm_symm,Comm-On (Symmetric Uncertainty),404,150000,3.500,0.038026374943803384,17.521054997752135
fixed0,cond1,comm_symm,Comm-On (Symmetric Uncertainty),404,150000,5.000,0.4448200101402738,44.468480648977526
fixed0,cond1,comm_symm,Comm-On (Symmetric Uncertainty),404,50000,3.500,0.2617263599580399,26.469054398321596
fixed0,cond1,comm_symm,Comm-On (Symmetric Uncertainty),404,50000,5.000,0.6131485550109853,55.24150752070306
fixed0,cond1,comm_symm,Comm-On (Symmetric Uncertainty),505,150000,3.500,0.06342724411808781,18.53708976472351
fixed0,cond1,comm_symm,Comm-On (Symmetric Uncertainty),505,150000,5.000,0.6262886597938144,56.08247422680412
fixed0,cond1,comm_symm,Comm-On (Symmetric Uncertainty),505,50000,3.500,0.5573954742994156,38.29581897197662
fixed0,cond1,comm_symm,Comm-On (Symmetric Uncertainty),505,50000,5.000,0.7369866486395132,63.16714551292885
fixed0,cond1,comm_symm,Comm-On (Symmetric Uncertainty),606,150000,3.500,0.029222238873070582,17.168889554922824
fixed0,cond1,comm_symm,Comm-On (Symmetric Uncertainty),606,150000,5.000,0.475367584924793,46.42352543518675
fixed0,cond1,comm_symm,Comm-On (Symmetric Uncertainty),606,50000,3.500,0.08804136070732804,19.52165442829312
fixed0,cond1,comm_symm,Comm-On (Symmetric Uncertainty),606,50000,5.000,0.3661483860064222,39.43349670441102
fixed0,cond1,comm_symm,Comm-On (Symmetric Uncertainty),707,150000,3.500,0.0829462011089465,19.31784804435786
fixed0,cond1,comm_symm,Comm-On (Symmetric Uncertainty),707,150000,5.000,0.37358458678384315,39.909413554165965
fixed0,cond1,comm_symm,Comm-On (Symmetric Uncertainty),707,50000,3.500,0.11958639292671962,20.783455717068783
fixed0,cond1,comm_symm,Comm-On (Symmetric Uncertainty),707,50000,5.000,0.3879499746493155,40.8287983775562
fixed0,cond1,comm_symm,Comm-On (Symmetric Uncertainty),808,150000,3.500,0.6032144462760378,40.12857785104151
fixed0,cond1,comm_symm,Comm-On (Symmetric Uncertainty),808,150000,5.000,0.532491127260436,50.079432144667905
fixed0,cond1,comm_symm,Comm-On (Symmetric Uncertainty),808,50000,3.500,0.21335980818222688,24.534392327289076
fixed0,cond1,comm_symm,Comm-On (Symmetric Uncertainty),808,50000,5.000,0.5015632922088896,48.100050701368936
fixed0,cond1,comm_symm,Comm-On (Symmetric Uncertainty),909,150000,3.500,0.6305260002997153,41.22104001198861
fixed0,cond1,comm_symm,Comm-On (Symmetric Uncertainty),909,150000,5.000,0.5783336150076052,53.01335136048673
fixed0,cond1,comm_symm,Comm-On (Symmetric Uncertainty),909,50000,3.500,0.3233927768619811,28.935711074479244
fixed0,cond1,comm_symm,Comm-On (Symmetric Uncertainty),909,50000,5.000,0.49070474902822375,47.405103937806324
fixed1,cond1,comm_symm,Comm-On (Symmetric Uncertainty),101,150000,3.500,0.44983515660122886,33.993406264049156
fixed1,cond1,comm_symm,Comm-On (Symmetric Uncertainty),101,150000,5.000,0.4141034307926314,42.50261957072841
fixed1,cond1,comm_symm,Comm-On (Symmetric Uncertainty),101,50000,3.500,0.32878765173085567,29.151506069234227
fixed1,cond1,comm_symm,Comm-On (Symmetric Uncertainty),101,50000,5.000,0.5439411864120332,50.81223593037012
fixed1,cond1,comm_symm,Comm-On (Symmetric Uncertainty),1111,150000,3.500,0.0424471751835756,17.697887007343024
fixed1,cond1,comm_symm,Comm-On (Symmetric Uncertainty),1111,150000,5.000,0.4132161568362346,42.44583403751901
fixed1,cond1,comm_symm,Comm-On (Symmetric Uncertainty),1111,50000,3.500,0.37973924771467105,31.189569908586844
fixed1,cond1,comm_symm,Comm-On (Symmetric Uncertainty),1111,50000,5.000,0.5907554503971607,53.808348825418285
fixed1,cond1,comm_symm,Comm-On (Symmetric Uncertainty),1212,150000,3.500,0.04634347369998502,17.8537389479994
fixed1,cond1,comm_symm,Comm-On (Symmetric Uncertainty),1212,150000,5.000,0.25198580361669765,32.12709143146865
fixed1,cond1,comm_symm,Comm-On (Symmetric Uncertainty),1212,50000,3.500,0.325827963434737,29.03311853738948
fixed1,cond1,comm_symm,Comm-On (Symmetric Uncertainty),1212,50000,5.000,0.4850008450228156,47.0400540814602
fixed1,cond1,comm_symm,Comm-On (Symmetric Uncertainty),1313,150000,3.500,0.048516409411059495,17.94065637644238
fixed1,cond1,comm_symm,Comm-On (Symmetric Uncertainty),1313,150000,5.000,0.3165455467297617,36.258914990704746
fixed1,cond1,comm_symm,Comm-On (Symmetric Uncertainty),1313,50000,3.500,0.1253933762925221,21.015735051700883
fixed1,cond1,comm_symm,Comm-On (Symmetric Uncertainty),1313,50000,5.000,0.41883555856008114,42.80547574784519
fixed1,cond1,comm_symm,Comm-On (Symmetric Uncertainty),1414,150000,3.500,0.11014536190618912,20.405814476247564
fixed1,cond1,comm_symm,Comm-On (Symmetric Uncertainty),1414,150000,5.000,0.6961297955044786,60.55230691228663
fixed1,cond1,comm_symm,Comm-On (Symmetric Uncertainty),1414,50000,3.500,0.24127079274689045,25.650831709875618
fixed1,cond1,comm_symm,Comm-On (Symmetric Uncertainty),1414,50000,5.000,0.3580784181172892,38.917018759506504
fixed1,cond1,comm_symm,Comm-On (Symmetric Uncertainty),1515,150000,3.500,0.030196313502172934,17.20785254008692
fixed1,cond1,comm_symm,Comm-On (Symmetric Uncertainty),1515,150000,5.000,0.34962818996112893,38.376204157512255
fixed1,cond1,comm_symm,Comm-On (Symmetric Uncertainty),1515,50000,3.500,0.5156601228832609,36.62640491533043
fixed1,cond1,comm_symm,Comm-On (Symmetric Uncertainty),1515,50000,5.000,0.6520196045293223,57.729254689876626
fixed1,cond1,comm_symm,Comm-On (Symmetric Uncertainty),1616,150000,3.500,0.03514161546530796,17.405664618612317
fixed1,cond1,comm_symm,Comm-On (Symmetric Uncertainty),1616,150000,5.000,0.3008703735000845,35.25570390400541
fixed1,cond1,comm_symm,Comm-On (Symmetric Uncertainty),1616,50000,3.500,0.12160947100254758,20.864378840101903
fixed1,cond1,comm_symm,Comm-On (Symmetric Uncertainty),1616,50000,5.000,0.3992310292377894,41.55078587121852
fixed1,cond1,comm_symm,Comm-On (Symmetric Uncertainty),202,150000,3.500,0.0566836505319946,18.267346021279785
fixed1,cond1,comm_symm,Comm-On (Symmetric Uncertainty),202,150000,5.000,0.5189707622105797,49.2141287814771
fixed1,cond1,comm_symm,Comm-On (Symmetric Uncertainty),202,50000,3.500,0.18526150157350518,23.410460062940206
fixed1,cond1,comm_symm,Comm-On (Symmetric Uncertainty),202,50000,5.000,0.43167990535744466,43.627513942876455
fixed1,cond1,comm_symm,Comm-On (Symmetric Uncertainty),303,150000,3.500,0.07642739397572307,19.057095759028922
fixed1,cond1,comm_symm,Comm-On (Symmetric Uncertainty),303,150000,5.000,0.42153963157005236,42.97853642048335
fixed1,cond1,comm_symm,Comm-On (Symmetric Uncertainty),303,50000,3.500,0.5231155402367751,36.924621609471004
fixed1,cond1,comm_symm,Comm-On (Symmetric Uncertainty),303,50000,5.000,0.6749619739732973,59.197566334291025
fixed1,cond1,comm_symm,Comm-On (Symmetric Uncertainty),404,150000,3.500,0.5494155552225386,37.976622208901546
fixed1,cond1,comm_symm,Comm-On (Symmetric Uncertainty),404,150000,5.000,0.5531519351022478,51.40172384654386
fixed1,cond1,comm_symm,Comm-On (Symmetric Uncertainty),404,50000,3.500,0.18552375243518657,23.420950097407463
fixed1,cond1,comm_symm,Comm-On (Symmetric Uncertainty),404,50000,5.000,0.6835812066925807,59.749197228325166
fixed1,cond1,comm_symm,Comm-On (Symmetric Uncertainty),505,150000,3.500,0.0538363554623108,18.15345421849243
fixed1,cond1,comm_symm,Comm-On (Symmetric Uncertainty),505,150000,5.000,0.46324150752070303,45.647456481324994
fixed1,cond1,comm_symm,Comm-On (Symmetric Uncertainty),505,50000,3.500,0.2763000149857635,27.052000599430542
fixed1,cond1,comm_symm,Comm-On (Symmetric Uncertainty),505,50000,5.000,0.5757140442791956,52.84569883386852
fixed1,cond1,comm_symm,Comm-On (Symmetric Uncertainty),606,150000,3.500,0.006331485089165293,16.253259403566613
fixed1,cond1,comm_symm,Comm-On (Symmetric Uncertainty),606,150000,5.000,0.3324319756633429,37.27564644245395
fixed1,cond1,comm_symm,Comm-On (Symmetric Uncertainty),606,50000,3.500,0.6894575153604076,43.57830061441631
fixed1,cond1,comm_symm,Comm-On (Symmetric Uncertainty),606,50000,5.000,0.6494845360824743,57.56701030927835
fixed1,cond1,comm_symm,Comm-On (Symmetric Uncertainty),707,150000,3.500,0.059868125280983064,18.394725011239323
fixed1,cond1,comm_symm,Comm-On (Symmetric Uncertainty),707,150000,5.000,0.6349923947946594,56.6395132668582
fixed1,cond1,comm_symm,Comm-On (Symmetric Uncertainty),707,50000,3.500,0.5028098306608721,36.11239322643489
fixed1,cond1,comm_symm,Comm-On (Symmetric Uncertainty),707,50000,5.000,0.7088051377387189,61.36352881527801
fixed1,cond1,comm_symm,Comm-On (Symmetric Uncertainty),808,150000,3.500,0.08373295369399071,19.34931814775963
fixed1,cond1,comm_symm,Comm-On (Symmetric Uncertainty),808,150000,5.000,0.6984536082474226,60.70103092783505
fixed1,cond1,comm_symm,Comm-On (Symmetric Uncertainty),808,50000,3.500,0.3593211449123333,30.37284579649333
fixed1,cond1,comm_symm,Comm-On (Symmetric Uncertainty),808,50000,5.000,0.46763562616190635,45.928680074362006
fixed1,cond1,comm_symm,Comm-On (Symmetric Uncertainty),909,150000,3.500,0.47587292072531095,35.03491682901244
fixed1,cond1,comm_symm,Comm-On (Symmetric Uncertainty),909,150000,5.000,0.6125992901808349,55.206354571573435
fixed1,cond1,comm_symm,Comm-On (Symmetric Uncertainty),909,50000,3.500,0.17263599580398623,22.90543983215945
fixed1,cond1,comm_symm,Comm-On (Symmetric Uncertainty),909,50000,5.000,0.6281899611289505,56.204157512252834
